,order_id,quantity,item_name,choice_description,item_price
4,2,2,Chicken Bowl,"[Tomatillo-Red Chili Salsa (Hot), [Black Beans, Rice, Cheese, Sour Cream]]",16.98
5,3,1,Chicken Bowl,"[Fresh Tomato Salsa (Mild), [Rice, Cheese, Sour Cream, Guacamole, Lettuce]]",10.98
7,4,1,Steak Burrito,"[Tomatillo Red Chili Salsa, [Fajita Vegetables, Black Beans, Pinto Beans, Cheese, Sour Cream, Guacamole, Lettuce]]",11.75
13,7,1,Chicken Bowl,"[Fresh Tomato Salsa, [Fajita Vegetables, Rice, Cheese, Sour Cream, Guacamole]]",11.25
23,12,1,Chicken Burrito,"[[Tomatillo-Green Chili Salsa (Medium), Tomatillo-Red Chili Salsa (Hot)], [Pinto Beans, Rice, Cheese, Sour Cream, Guacamole, Lettuce]]",10.98
39,19,1,Barbacoa Bowl,"[Roasted Chili Corn Salsa, [Fajita Vegetables, Rice, Black Beans, Cheese, Sour Cream, Guacamole, Lettuce]]",11.75
42,20,1,Chicken Bowl,"[Roasted Chili Corn Salsa, [Rice, Black Beans, Cheese, Sour Cream, Guacamole, Lettuce]]",11.25
43,20,1,Steak Burrito,"[Fresh Tomato Salsa, [Rice, Pinto Beans, Cheese, Sour Cream, Guacamole, Lettuce]]",11.75
45,21,1,Chicken Burrito,"[Tomatillo-Red Chili Salsa (Hot), [Black Beans, Fajita Veggies, Cheese, Sour Cream, Guacamole, Lettuce]]",10.98
52,24,1,Chicken Burrito,"[Roasted Chili Corn Salsa (Medium), [Black Beans, Rice, Fajita Veggies, Cheese, Sour Cream, Guacamole, Lettuce]]",10.98
57,26,1,Veggie Burrito,"[Tomatillo Red Chili Salsa, [Fajita Vegetables, Rice, Black Beans, Cheese, Sour Cream, Guacamole, Lettuce]]",11.25
62,28,1,Veggie Bowl,"[Fresh Tomato Salsa, [Fajita Vegetables, Rice, Black Beans, Cheese, Sour Cream, Guacamole, Lettuce]]",11.25
79,35,1,Chicken Soft Tacos,"[Roasted Chili Corn Salsa, [Rice, Cheese, Lettuce, Guacamole]]",11.25
90,40,1,Steak Bowl,"[Fresh Tomato Salsa, [Rice, Black Beans, Cheese, Sour Cream, Guacamole]]",11.75
91,40,1,Steak Bowl,"[Fresh Tomato Salsa, [Fajita Vegetables, Cheese, Sour Cream, Guacamole]]",11.75
93,41,1,Carnitas Burrito,"[Roasted Chili Corn Salsa, [Sour Cream, Guacamole]]",11.75
97,43,1,Carnitas Bowl,"[Fresh Tomato Salsa, [Fajita Vegetables, Rice, Black Beans, Cheese, Guacamole, Lettuce]]",11.75
123,54,1,Chicken Bowl,"[Fresh Tomato Salsa, [Guacamole, Cheese, Sour Cream, Fajita Vegetables, Rice]]",11.25
130,57,1,Barbacoa Burrito,"[Roasted Chili Corn Salsa, [Rice, Pinto Beans, Cheese, Guacamole, Lettuce]]",11.75
134,59,1,Chicken Burrito,"[Roasted Chili Corn Salsa (Medium), [Rice, Black Beans, Sour Cream, Guacamole]]",10.98
135,60,2,Chicken Salad Bowl,"[Tomatillo Green Chili Salsa, [Sour Cream, Cheese, Guacamole]]",22.5
136,61,1,Barbacoa Bowl,"[Tomatillo Red Chili Salsa, [Fajita Vegetables, Rice, Black Beans, Cheese, Sour Cream, Guacamole, Lettuce]]",11.75
138,62,1,Chicken Bowl,"[Fresh Tomato Salsa, [Rice, Fajita Vegetables, Sour Cream, Cheese, Guacamole]]",11.25
140,63,1,Chicken Bowl,"[Tomatillo Green Chili Salsa, [Rice, Sour Cream, Cheese, Guacamole]]",11.25
142,64,1,Chicken Bowl,"[Fresh Tomato Salsa, [Fajita Vegetables, Rice, Black Beans, Cheese, Guacamole, Lettuce]]",11.25
143,64,1,Veggie Bowl,"[Tomatillo Red Chili Salsa, [Fajita Vegetables, Black Beans, Cheese, Guacamole, Lettuce]]",11.25
144,65,1,Barbacoa Burrito,"[Tomatillo Red Chili Salsa, [Rice, Sour Cream, Cheese, Guacamole]]",11.75
147,66,1,Steak Burrito,"[Tomatillo-Green Chili Salsa (Medium), [Rice, Black Beans, Sour Cream, Guacamole]]",11.48
148,67,2,Steak Burrito,"[Tomatillo-Red Chili Salsa (Hot), [Rice, Cheese, Sour Cream, Lettuce]]",17.98
150,68,2,Chicken Burrito,"[Tomatillo Red Chili Salsa, [Rice, Black Beans, Sour Cream, Cheese, Lettuce]]",17.5
154,70,2,Chicken Bowl,"[Fresh Tomato Salsa, [Fajita Vegetables, Rice, Lettuce]]",17.5
157,71,1,Veggie Bowl,"[Tomatillo Red Chili Salsa, [Fajita Vegetables, Rice, Black Beans, Cheese, Guacamole, Lettuce]]",11.25
158,71,1,Steak Burrito,"[Tomatillo Green Chili Salsa, [Rice, Cheese, Guacamole, Lettuce]]",11.75
159,72,1,Chicken Burrito,"[[Roasted Chili Corn Salsa (Medium), Tomatillo-Red Chili Salsa (Hot)], [Black Beans, Rice, Fajita Veggies, Cheese, Sour Cream, Guacamole, Lettuce]]",10.98
161,73,1,Chicken Burrito,"[[Roasted Chili Corn Salsa (Medium), Tomatillo-Red Chili Salsa (Hot)], [Black Beans, Rice, Fajita Veggies, Cheese, Guacamole, Lettuce]]",10.98
163,74,1,Carnitas Bowl,"[Roasted Chili Corn Salsa (Medium), [Pinto Beans, Rice, Fajita Veggies, Cheese, Sour Cream, Guacamole, Lettuce]]",11.48
167,75,1,Chicken Burrito,"[Tomatillo Red Chili Salsa, [Rice, Black Beans, Cheese, Guacamole, Lettuce]]",11.25
168,75,1,Barbacoa Crispy Tacos,"[Tomatillo Red Chili Salsa, [Rice, Black Beans, Cheese, Sour Cream, Guacamole]]",11.75
176,79,1,Chicken Bowl,"[Roasted Chili Corn Salsa (Medium), [Black Beans, Rice, Fajita Veggies, Cheese, Sour Cream, Guacamole, Lettuce]]",10.98
177,80,1,Steak Burrito,"[Fresh Tomato Salsa (Mild), [Rice, Black Beans, Sour Cream, Guacamole]]",11.48
186,83,1,Veggie Salad Bowl,"[Fresh Tomato Salsa, [Fajita Vegetables, Rice, Black Beans, Cheese, Sour Cream, Guacamole, Lettuce]]",11.25
187,84,1,Steak Bowl,"[Fresh Tomato Salsa (Mild), [Rice, Fajita Veggies, Guacamole, Lettuce]]",11.48
192,86,1,Veggie Bowl,"[Roasted Chili Corn Salsa, [Fajita Vegetables, Rice, Cheese, Sour Cream, Guacamole, Lettuce]]",11.25
199,89,1,Chicken Bowl,"[[Roasted Chili Corn Salsa (Medium), Tomatillo-Red Chili Salsa (Hot)], [Black Beans, Rice, Fajita Veggies, Guacamole, Lettuce]]",10.98
202,90,1,Chicken Burrito,"[Tomatillo Red Chili Salsa, [Rice, Black Beans, Sour Cream, Cheese, Lettuce, Guacamole]]",11.25
209,93,1,Chicken Bowl,"[Roasted Chili Corn Salsa, [Fajita Vegetables, Rice, Black Beans, Cheese, Sour Cream, Guacamole, Lettuce]]",11.25
210,93,1,Veggie Bowl,"[Roasted Chili Corn Salsa, [Rice, Black Beans, Cheese, Sour Cream, Guacamole, Lettuce]]",11.25
211,93,1,Chicken Bowl,"[Roasted Chili Corn Salsa, [Fajita Vegetables, Rice, Black Beans, Pinto Beans, Cheese, Sour Cream, Guacamole, Lettuce]]",11.25
213,94,2,Chicken Salad Bowl,"[Fresh Tomato Salsa, [Fajita Vegetables, Pinto Beans, Guacamole]]",22.5
215,95,1,Steak Bowl,"[Tomatillo Green Chili Salsa, [Fajita Vegetables, Rice, Black Beans, Cheese, Guacamole, Lettuce]]",11.75
217,96,2,Chicken Crispy Tacos,"[Tomatillo Red Chili Salsa, [Cheese, Sour Cream, Lettuce]]",17.5
225,99,1,Veggie Burrito,"[Tomatillo Red Chili Salsa, [Black Beans, Cheese, Guacamole]]",11.25
234,103,1,Steak Burrito,"[Tomatillo Red Chili Salsa, [Rice, Black Beans, Cheese, Sour Cream, Guacamole, Lettuce]]",11.75
241,105,2,Chicken Burrito,"[Tomatillo Red Chili Salsa, [Rice, Black Beans, Cheese, Sour Cream, Lettuce]]",17.5
244,107,1,Chicken Burrito,"[Roasted Chili Corn Salsa (Medium), [Rice, Fajita Veggies, Cheese, Sour Cream, Guacamole, Lettuce]]",10.98
250,109,1,Chicken Salad,"[Roasted Chili Corn Salsa (Medium), [Black Beans, Rice, Fajita Veggies, Cheese, Sour Cream, Guacamole, Lettuce]]",10.98
262,114,1,Steak Bowl,"[Fresh Tomato Salsa, [Fajita Vegetables, Cheese, Sour Cream, Guacamole, Lettuce]]",11.75
281,123,2,Steak Salad Bowl,"[Tomatillo Red Chili Salsa, [Black Beans, Cheese, Guacamole]]",23.78
282,124,2,Chicken Bowl,"[Fresh Tomato Salsa, [Rice, Black Beans, Cheese, Sour Cream]]",17.5
290,126,1,Chicken Bowl,"[Roasted Chili Corn Salsa, [Fajita Vegetables, Rice, Black Beans, Guacamole, Lettuce]]",11.25
291,127,1,Chicken Bowl,"[Tomatillo Green Chili Salsa, [Rice, Sour Cream, Guacamole, Lettuce]]",11.25
295,128,1,Veggie Salad Bowl,"[Fresh Tomato Salsa, [Fajita Vegetables, Lettuce, Guacamole, Sour Cream, Cheese, Black Beans, Rice]]",11.25
296,129,1,Steak Burrito,"[Tomatillo Green Chili Salsa, [Rice, Cheese, Guacamole]]",11.75
303,132,1,Chicken Bowl,"[Fresh Tomato Salsa, [Rice, Black Beans, Cheese, Sour Cream, Guacamole, Lettuce]]",11.25
309,134,1,Chicken Burrito,"[Tomatillo Red Chili Salsa, [Rice, Black Beans, Cheese, Sour Cream, Guacamole, Lettuce]]",11.25
315,137,2,Chicken Salad Bowl,"[Fresh Tomato Salsa, Fajita Vegetables]",17.5
322,140,1,Steak Burrito,"[Fresh Tomato (Mild), [Lettuce, Guacamole, Rice, Cheese]]",11.08
330,144,1,Chicken Burrito,"[Fresh Tomato Salsa, [Rice, Black Beans, Cheese, Sour Cream, Guacamole, Lettuce]]",11.25
334,146,1,Barbacoa Burrito,"[Roasted Chili Corn Salsa, [Rice, Black Beans, Cheese, Guacamole, Lettuce]]",11.75
336,147,1,Steak Bowl,"[Tomatillo Red Chili Salsa, [Fajita Vegetables, Cheese, Guacamole, Lettuce]]",11.75
344,149,1,Chicken Soft Tacos,"[Fresh Tomato Salsa, [Fajita Vegetables, Cheese, Guacamole, Lettuce]]",11.25
354,153,2,Chicken Soft Tacos,"[Fresh Tomato Salsa, Sour Cream]",17.5
365,158,1,Chicken Crispy Tacos,"[Tomatillo Green Chili Salsa, [Black Beans, Cheese, Sour Cream, Guacamole, Lettuce]]",11.25
367,159,1,Chicken Burrito,"[Roasted Chili Corn Salsa, [Rice, Fajita Vegetables, Black Beans, Cheese, Lettuce, Guacamole]]",11.25
375,163,1,Barbacoa Burrito,"[Roasted Chili Corn Salsa, [Rice, Black Beans, Cheese, Lettuce, Guacamole]]",11.75
379,165,1,Chicken Bowl,"[Fresh Tomato Salsa, [Rice, Black Beans, Cheese, Sour Cream, Guacamole]]",11.25
382,166,1,Chicken Burrito,"[Fresh Tomato Salsa, [Rice, Black Beans, Sour Cream, Cheese, Guacamole]]",11.25
383,166,1,Steak Burrito,"[Tomatillo Red Chili Salsa, [Rice, Fajita Vegetables, Sour Cream, Cheese, Lettuce, Guacamole]]",11.75
387,168,1,Steak Bowl,"[Tomatillo Red Chili Salsa, [Rice, Black Beans, Cheese, Sour Cream, Guacamole, Lettuce]]",11.75
391,170,1,Chicken Burrito,"[Fresh Tomato Salsa, [Fajita Vegetables, Rice, Pinto Beans, Cheese, Guacamole, Lettuce]]",11.25
394,171,1,Veggie Burrito,"[Tomatillo Green Chili Salsa, Guacamole]",11.25
400,174,1,Chicken Burrito,"[Roasted Chili Corn Salsa, [Rice, Black Beans, Cheese, Lettuce, Guacamole]]",11.25
402,175,1,Steak Burrito,"[Fresh Tomato Salsa, [Rice, Black Beans, Cheese, Sour Cream, Guacamole]]",11.75
404,176,1,Steak Burrito,"[Fresh Tomato Salsa, [Rice, Pinto Beans, Cheese, Guacamole, Lettuce]]",11.75
407,177,1,Chicken Bowl,"[Tomatillo Red Chili Salsa, [Rice, Black Beans, Cheese, Sour Cream, Guacamole, Lettuce]]",11.25
409,178,3,Chicken Bowl,"[[Fresh Tomato Salsa (Mild), Tomatillo-Green Chili Salsa (Medium), Roasted Chili Corn Salsa (Medium)], [Black Beans, Rice, Fajita Veggies, Cheese, Guacamole, Lettuce]]",32.94
411,179,1,Chicken Bowl,"[Tomatillo Green Chili Salsa, [Sour Cream, Cheese, Guacamole]]",11.25
412,180,1,Steak Bowl,"[Tomatillo-Red Chili Salsa (Hot), [Rice, Cheese, Sour Cream, Guacamole, Lettuce]]",11.48
415,181,2,Chicken Bowl,[Tomatillo Red Chili Salsa],17.5
426,185,2,Chicken Soft Tacos,"[Fresh Tomato Salsa, [Sour Cream, Lettuce]]",17.5
427,186,1,Chicken Soft Tacos,"[[Tomatillo-Red Chili Salsa (Hot), Roasted Chili Corn Salsa (Medium)], [Guacamole, Cheese, Sour Cream]]",10.98
428,186,1,Steak Bowl,"[[Roasted Chili Corn Salsa (Medium), Tomatillo-Red Chili Salsa (Hot)], [Rice, Cheese, Sour Cream, Guacamole]]",11.48
429,186,1,Barbacoa Crispy Tacos,"[[Roasted Chili Corn Salsa (Medium), Tomatillo-Red Chili Salsa (Hot)], [Cheese, Sour Cream, Guacamole]]",11.48
435,189,1,Veggie Burrito,"[[Roasted Chili Corn Salsa (Medium), Fresh Tomato Salsa (Mild)], [Rice, Black Beans, Pinto Beans, Fajita Veggies, Guacamole, Lettuce]]",10.98
441,192,1,Chicken Burrito,"[Roasted Chili Corn Salsa, [Rice, Fajita Vegetables, Black Beans, Sour Cream, Cheese, Lettuce, Guacamole]]",11.25
445,193,3,Bowl,"[Braised Carnitas, Pinto Beans, [Sour Cream, Cheese, Cilantro-Lime Rice]]",22.2
450,195,1,Barbacoa Burrito,"[Fresh Tomato Salsa, [Fajita Vegetables, Rice, Cheese, Sour Cream, Guacamole, Lettuce]]",11.75
455,195,1,Veggie Salad Bowl,"[Fresh Tomato Salsa, [Fajita Vegetables, Rice, Black Beans, Cheese, Guacamole, Lettuce]]",11.25
457,196,1,Chicken Burrito,"[Fresh Tomato Salsa, [Black Beans, Cheese, Guacamole, Lettuce]]",11.25
462,198,1,Carnitas Burrito,"[Fresh Tomato Salsa, [Rice, Black Beans, Cheese, Sour Cream, Guacamole, Lettuce]]",11.75
471,202,1,Barbacoa Bowl,"[[Tomatillo-Green Chili Salsa (Medium), Roasted Chili Corn Salsa (Medium)], [Black Beans, Rice, Cheese, Guacamole]]",11.48
476,204,1,Chicken Burrito,"[Fresh Tomato (Mild), [Guacamole, Lettuce, Rice, Fajita Veggies, Sour Cream, Cheese]]",10.58
479,205,1,Veggie Burrito,"[Roasted Chili Corn Salsa, [Fajita Vegetables, Rice, Black Beans, Cheese, Sour Cream, Guacamole, Lettuce]]",11.25
485,205,1,Barbacoa Crispy Tacos,"[Fresh Tomato Salsa, Guacamole]",11.75
491,206,1,Steak Bowl,"[Fresh Tomato Salsa, [Fajita Vegetables, Rice, Cheese, Sour Cream, Guacamole]]",11.75
496,207,1,Veggie Salad Bowl,"[Fresh Tomato Salsa, [Rice, Lettuce, Guacamole, Fajita Vegetables, Cheese, Sour Cream, Black Beans]]",11.25
501,210,1,Chicken Bowl,"[Roasted Chili Corn Salsa, [Fajita Vegetables, Rice, Black Beans, Guacamole]]",11.25
503,211,1,Steak Burrito,"[Roasted Chili Corn Salsa, [Rice, Black Beans, Sour Cream, Lettuce, Guacamole]]",11.75
506,212,2,Carnitas Bowl,"[Roasted Chili Corn Salsa, [Fajita Vegetables, Rice, Black Beans, Cheese, Sour Cream, Guacamole, Lettuce]]",23.5
530,222,1,Veggie Bowl,"[Roasted Chili Corn Salsa, [Fajita Vegetables, Rice, Black Beans, Guacamole]]",11.25
531,222,1,Chicken Burrito,"[Tomatillo Red Chili Salsa, [Fajita Vegetables, Rice, Black Beans, Guacamole]]",11.25
534,223,2,Steak Burrito,"[Fresh Tomato Salsa, [Sour Cream, Lettuce, Cheese, Rice]]",18.5
546,227,1,Chicken Bowl,"[Roasted Chili Corn Salsa, [Rice, Pinto Beans, Lettuce, Guacamole]]",11.25
548,228,1,Chicken Bowl,"[Roasted Chili Corn Salsa (Medium), [Black Beans, Fajita Veggies, Cheese, Guacamole, Lettuce]]",10.98
572,235,1,Steak Burrito,"[Roasted Chili Corn Salsa, [Fajita Vegetables, Sour Cream, Lettuce, Guacamole]]",11.75
573,235,1,Steak Burrito,"[Roasted Chili Corn Salsa, [Rice, Fajita Vegetables, Sour Cream, Cheese, Lettuce, Guacamole]]",11.75
574,235,1,Barbacoa Burrito,"[Roasted Chili Corn Salsa, [Fajita Vegetables, Sour Cream, Cheese, Lettuce, Guacamole]]",11.75
577,237,2,Chicken Soft Tacos,"[Fresh Tomato Salsa (Mild), [Pinto Beans, Rice, Cheese, Sour Cream, Lettuce]]",16.98
582,238,1,Steak Burrito,"[Fresh Tomato Salsa, [Fajita Vegetables, Cheese, Sour Cream, Guacamole, Lettuce]]",11.75
588,241,1,Chicken Burrito,"[Fresh Tomato Salsa (Mild), [Rice, Black Beans, Fajita Veggies, Cheese, Guacamole, Lettuce]]",10.98
589,242,1,Chicken Burrito,"[Fresh Tomato Salsa, [Fajita Vegetables, Rice, Cheese, Sour Cream, Guacamole, Lettuce]]",11.25
591,243,2,Chicken Salad Bowl,"[Tomatillo Green Chili Salsa, [Black Beans, Sour Cream, Cheese, Lettuce, Guacamole]]",22.5
602,248,1,Barbacoa Burrito,"[Roasted Chili Corn Salsa, [Rice, Pinto Beans, Cheese, Lettuce, Guacamole]]",11.75
606,250,1,Steak Salad Bowl,"[Fresh Tomato Salsa, [Pinto Beans, Cheese, Guacamole, Lettuce]]",11.89
613,253,2,Steak Salad Bowl,"[Tomatillo Red Chili Salsa, [Fajita Vegetables, Black Beans, Cheese, Guacamole, Lettuce]]",23.78
621,256,1,Chicken Burrito,"[Tomatillo-Red Chili Salsa (Hot), [Black Beans, Rice, Cheese, Sour Cream, Guacamole, Lettuce]]",10.98
626,258,1,Carnitas Burrito,"[Tomatillo Green Chili Salsa, [Sour Cream, Cheese, Guacamole]]",11.75
633,261,2,Chicken Salad Bowl,"[Tomatillo Green Chili Salsa, [Black Beans, Cheese, Guacamole]]",22.5
634,262,1,Chicken Burrito,"[Tomatillo Red Chili Salsa, [Cheese, Guacamole]]",11.25
638,264,2,Steak Burrito,"[Fresh Tomato Salsa, [Rice, Cheese, Sour Cream]]",18.5
649,269,1,Steak Burrito,"[Roasted Chili Corn Salsa (Medium), [Rice, Black Beans, Sour Cream, Guacamole]]",11.48
658,273,1,Steak Burrito,"[Fresh Tomato Salsa, [Rice, Black Beans, Sour Cream, Cheese, Lettuce, Guacamole]]",11.75
681,282,1,Chicken Burrito,"[Tomatillo Red Chili Salsa, [Guacamole, Cheese]]",11.25
683,282,1,Steak Burrito,"[Roasted Chili Corn Salsa, [Rice, Cheese, Guacamole]]",11.75
685,283,1,Chicken Burrito,"[Fresh Tomato Salsa, [Rice, Black Beans, Cheese, Guacamole, Lettuce]]",11.25
690,284,1,Steak Bowl,"[Fresh Tomato Salsa, [Fajita Vegetables, Rice, Cheese, Sour Cream, Guacamole, Lettuce]]",11.75
712,293,1,Steak Burrito,"[[Roasted Chili Corn Salsa (Medium), Fresh Tomato Salsa (Mild)], [Rice, Pinto Beans, Cheese, Sour Cream, Guacamole, Lettuce]]",11.48
715,295,1,Chicken Burrito,"[Tomatillo Red Chili Salsa, [Rice, Fajita Vegetables, Black Beans, Cheese, Lettuce, Guacamole]]",11.25
719,297,1,Chicken Bowl,"[Tomatillo Green Chili Salsa, [Fajita Vegetables, Rice, Black Beans, Cheese, Sour Cream, Guacamole, Lettuce]]",11.25
727,300,1,Steak Burrito,"[Roasted Chili Corn Salsa, [Fajita Vegetables, Black Beans, Sour Cream, Guacamole, Lettuce]]",11.75
738,304,1,Veggie Soft Tacos,"[Tomatillo Red Chili Salsa, [Fajita Vegetables, Rice, Black Beans, Cheese, Guacamole, Lettuce]]",11.25
742,306,1,Barbacoa Burrito,"[Roasted Chili Corn Salsa, [Fajita Vegetables, Rice, Black Beans, Sour Cream, Guacamole]]",11.75
748,309,1,Chicken Burrito,"[Roasted Chili Corn Salsa, [Rice, Sour Cream, Cheese, Guacamole]]",11.25
749,309,1,Steak Salad Bowl,"[Roasted Chili Corn Salsa, [Rice, Cheese, Lettuce, Guacamole]]",11.89
767,317,1,Carnitas Burrito,"[Roasted Chili Corn Salsa, [Rice, Cheese, Guacamole]]",11.75
768,317,1,Chicken Crispy Tacos,"[Roasted Chili Corn Salsa, [Rice, Cheese, Guacamole]]",11.25
796,327,1,Chicken Burrito,"[Tomatillo Red Chili Salsa, [Fajita Vegetables, Rice, Black Beans, Sour Cream, Guacamole, Lettuce]]",11.25
797,327,1,Veggie Burrito,"[Tomatillo Red Chili Salsa, [Fajita Vegetables, Rice, Sour Cream, Guacamole, Lettuce]]",11.25
798,328,1,Chicken Bowl,"[[Fresh Tomato Salsa (Mild), Roasted Chili Corn Salsa (Medium)], [Rice, Sour Cream, Guacamole, Lettuce]]",10.98
800,329,1,Chicken Burrito,"[Fresh Tomato Salsa (Mild), [Rice, Fajita Veggies, Cheese, Sour Cream, Guacamole, Lettuce]]",10.98
817,338,1,Chicken Bowl,"[[Roasted Chili Corn Salsa (Medium), Fresh Tomato Salsa (Mild)], [Rice, Black Beans, Fajita Veggies, Cheese, Sour Cream, Guacamole]]",10.98
822,339,1,Carnitas Bowl,"[Fresh Tomato (Mild), [Guacamole, Sour Cream, Cheese]]",11.08
825,341,1,Steak Bowl,"[Fresh Tomato (Mild), [Guacamole, Lettuce, Pinto Beans, Rice, Sour Cream, Cheese]]",11.08
831,343,1,Veggie Bowl,"[Roasted Chili Corn Salsa, [Black Beans, Cheese, Sour Cream, Guacamole]]",11.25
832,343,1,Veggie Bowl,"[Fresh Tomato Salsa, [Rice, Black Beans, Cheese, Sour Cream, Guacamole]]",11.25
844,347,1,Chicken Bowl,"[Fresh Tomato Salsa, [Rice, Guacamole]]",11.25
846,348,2,Veggie Bowl,"[Fresh Tomato Salsa (Mild), [Rice, Sour Cream, Cheese, Pinto Beans]]",16.98
862,356,1,Steak Burrito,"[Roasted Chili Corn Salsa (Medium), [Rice, Fajita Veggies, Sour Cream, Guacamole, Lettuce]]",11.48
864,357,2,Chicken Salad Bowl,"[Fresh Tomato Salsa, [Black Beans, Cheese, Guacamole]]",22.5
865,358,1,Carnitas Burrito,"[Roasted Chili Corn Salsa, [Cheese, Rice, Guacamole]]",11.75
871,360,1,Chicken Bowl,"[Tomatillo Red Chili Salsa, [Rice, Sour Cream, Cheese, Guacamole]]",11.25
874,361,1,Veggie Burrito,"[Fresh Tomato Salsa, [Rice, Black Beans, Sour Cream, Guacamole]]",11.25
876,362,1,Chicken Soft Tacos,"[Fresh Tomato Salsa, [Cheese, Sour Cream, Guacamole, Lettuce]]",11.25
877,362,1,Chicken Bowl,"[Roasted Chili Corn Salsa, [Fajita Vegetables, Pinto Beans, Sour Cream, Guacamole]]",11.25
885,366,2,Chicken Crispy Tacos,[Tomatillo Red Chili Salsa],17.5
888,367,1,Barbacoa Burrito,"[Tomatillo Red Chili Salsa, [Rice, Cheese, Sour Cream, Guacamole, Lettuce]]",11.75
892,369,1,Chicken Bowl,"[Fresh Tomato Salsa (Mild), [Rice, Fajita Veggies, Sour Cream, Guacamole]]",10.98
899,372,1,Steak Bowl,"[Roasted Chili Corn Salsa, [Rice, Black Beans, Cheese, Sour Cream, Guacamole, Lettuce]]",11.75
901,373,1,Veggie Bowl,"[Roasted Chili Corn Salsa, [Rice, Black Beans, Cheese, Sour Cream, Guacamole]]",11.25
903,374,1,Barbacoa Burrito,"[Fresh Tomato Salsa, [Fajita Vegetables, Rice, Black Beans, Sour Cream, Guacamole, Lettuce]]",11.75
905,375,1,Steak Bowl,"[Roasted Chili Corn Salsa, [Fajita Vegetables, Rice, Black Beans, Cheese, Guacamole]]",11.75
910,377,2,Steak Bowl,"[Roasted Chili Corn Salsa (Medium), [Black Beans, Rice, Cheese]]",17.98
914,379,1,Steak Burrito,"[Roasted Chili Corn Salsa, [Fajita Vegetables, Rice, Cheese, Sour Cream, Guacamole, Lettuce]]",11.75
915,379,1,Chicken Bowl,"[Roasted Chili Corn Salsa, [Fajita Vegetables, Rice, Cheese, Sour Cream, Guacamole, Lettuce]]",11.25
919,380,1,Barbacoa Bowl,"[Tomatillo Red Chili Salsa, [Fajita Vegetables, Rice, Black Beans, Pinto Beans, Cheese, Sour Cream, Guacamole, Lettuce]]",11.75
931,384,1,Veggie Burrito,"[Fresh Tomato Salsa, [Rice, Black Beans, Guacamole, Lettuce]]",11.25
940,387,1,Steak Burrito,"[Roasted Chili Corn Salsa, [Rice, Fajita Vegetables, Cheese, Lettuce, Guacamole]]",11.75
941,387,1,Steak Burrito,"[Roasted Chili Corn Salsa, [Rice, Fajita Vegetables, Sour Cream, Lettuce, Guacamole]]",11.75
965,396,1,Chicken Burrito,"[Fresh Tomato Salsa, [Fajita Vegetables, Sour Cream, Cheese, Guacamole]]",11.25
966,396,1,Chicken Soft Tacos,"[Fresh Tomato Salsa, [Sour Cream, Cheese, Guacamole]]",11.25
969,398,1,Chicken Soft Tacos,"[Roasted Chili Corn Salsa, [Rice, Black Beans, Cheese, Lettuce, Guacamole]]",11.25
973,400,1,Veggie Burrito,"[Tomatillo Green Chili Salsa, [Rice, Fajita Vegetables, Pinto Beans, Sour Cream, Cheese, Lettuce, Guacamole]]",11.25
975,400,1,Chicken Bowl,"[Tomatillo Red Chili Salsa, [Rice, Black Beans, Cheese, Lettuce, Guacamole]]",11.25
986,405,1,Chicken Burrito,"[Fresh Tomato Salsa, [Fajita Vegetables, Pinto Beans, Cheese, Guacamole]]",11.25
988,406,1,Barbacoa Soft Tacos,"[Tomatillo Red Chili Salsa, [Black Beans, Cheese, Sour Cream, Guacamole]]",11.75
991,407,1,Steak Burrito,"[Roasted Chili Corn Salsa, [Rice, Sour Cream, Cheese, Guacamole]]",11.75
994,408,1,Chicken Bowl,"[Fresh Tomato Salsa, [Rice, Fajita Vegetables, Pinto Beans, Sour Cream, Cheese, Lettuce, Guacamole]]",11.25
996,409,1,Chicken Bowl,"[Roasted Chili Corn Salsa (Medium), [Black Beans, Rice, Sour Cream, Guacamole]]",10.98
1006,413,1,Chicken Crispy Tacos,"[Fresh Tomato Salsa, [Cheese, Sour Cream, Guacamole, Lettuce]]",11.25
1008,413,1,Carnitas Crispy Tacos,"[Tomatillo Green Chili Salsa, [Rice, Black Beans, Cheese, Sour Cream, Guacamole]]",11.75
1017,418,2,Chicken Bowl,"[Fresh Tomato Salsa, [Rice, Cheese, Black Beans]]",17.5
1021,420,1,Chicken Burrito,"[Fresh Tomato Salsa, [Black Beans, Pinto Beans, Cheese, Guacamole, Lettuce]]",11.25
1027,423,1,Chicken Crispy Tacos,"[Fresh Tomato Salsa (Mild), [Fajita Veggies, Cheese, Sour Cream, Guacamole, Lettuce]]",10.98
1039,428,1,Steak Bowl,"[Roasted Chili Corn Salsa, [Rice, Black Beans, Lettuce, Guacamole]]",11.75
1040,428,1,Steak Bowl,"[Fresh Tomato Salsa, [Rice, Fajita Vegetables, Black Beans, Guacamole]]",11.75
1042,429,1,Steak Bowl,"[Roasted Chili Corn Salsa (Medium), [Pinto Beans, Rice, Guacamole]]",11.48
1055,434,1,Barbacoa Burrito,"[Tomatillo Green Chili Salsa, [Rice, Pinto Beans, Cheese, Guacamole]]",11.75
1056,435,1,Chicken Burrito,"[[Tomatillo-Green Chili Salsa (Medium), Tomatillo-Red Chili Salsa (Hot)], [Black Beans, Rice, Cheese, Sour Cream, Guacamole]]",10.98
1063,438,1,Carnitas Burrito,"[Fresh Tomato Salsa (Mild), [Black Beans, Rice, Cheese, Sour Cream, Guacamole]]",11.48
1064,438,1,Chicken Burrito,"[Tomatillo-Green Chili Salsa (Medium), [Pinto Beans, Rice, Cheese, Sour Cream, Guacamole, Lettuce]]",10.98
1065,439,1,Chicken Salad,"[[Tomatillo-Green Chili Salsa (Medium), Roasted Chili Corn Salsa (Medium)], [Rice, Cheese, Sour Cream, Guacamole, Lettuce]]",10.98
1070,441,1,Steak Burrito,"[Roasted Chili Corn Salsa, [Rice, Pinto Beans, Cheese, Sour Cream, Guacamole, Lettuce]]",11.75
1072,442,1,Steak Burrito,"[[Roasted Chili Corn Salsa (Medium), Tomatillo-Green Chili Salsa (Medium)], [Rice, Black Beans, Sour Cream, Guacamole]]",11.48
1081,446,1,Steak Bowl,"[Fresh Tomato Salsa, [Rice, Fajita Vegetables, Sour Cream, Cheese, Guacamole]]",11.75
1093,450,1,Steak Burrito,"[Fresh Tomato Salsa (Mild), [Pinto Beans, Rice, Guacamole]]",11.48
1096,451,1,Steak Bowl,"[Fresh Tomato Salsa, [Fajita Vegetables, Rice, Black Beans, Sour Cream, Guacamole]]",11.75
1097,452,1,Carnitas Burrito,"[Fresh Tomato Salsa, [Black Beans, Cheese, Sour Cream, Guacamole, Lettuce]]",11.75
1099,453,1,Chicken Burrito,"[Fresh Tomato (Mild), [Guacamole, Lettuce, Rice, Fajita Veggies, Cheese]]",10.58
1102,455,1,Steak Burrito,"[Roasted Chili Corn Salsa, [Rice, Pinto Beans, Cheese, Sour Cream, Guacamole]]",11.75
1104,456,1,Chicken Bowl,"[Tomatillo Red Chili Salsa, [Fajita Vegetables, Rice, Black Beans, Cheese, Sour Cream, Guacamole, Lettuce]]",11.25
1105,456,1,Veggie Burrito,"[Fresh Tomato Salsa, [Fajita Vegetables, Rice, Black Beans, Cheese, Sour Cream, Guacamole]]",11.25
1114,461,1,Steak Burrito,"[Fresh Tomato Salsa, [Fajita Vegetables, Rice, Black Beans, Sour Cream, Guacamole, Lettuce]]",11.75
1129,467,1,Barbacoa Soft Tacos,"[Roasted Chili Corn Salsa, [Rice, Pinto Beans, Cheese, Sour Cream, Guacamole]]",11.75
1132,468,1,Carnitas Salad Bowl,"[Fresh Tomato Salsa, [Rice, Black Beans, Cheese, Guacamole]]",11.89
1133,468,1,Steak Bowl,"[Tomatillo Green Chili Salsa, [Rice, Pinto Beans, Cheese, Sour Cream, Guacamole, Lettuce]]",11.75
1134,469,1,Chicken Bowl,"[Roasted Chili Corn Salsa, [Rice, Pinto Beans, Cheese, Sour Cream, Guacamole, Lettuce]]",11.25
1144,472,1,Steak Burrito,"[[Fresh Tomato Salsa (Mild), Tomatillo-Red Chili Salsa (Hot)], [Pinto Beans, Fajita Veggies, Cheese, Guacamole]]",11.48
1148,474,1,Steak Bowl,"[Fresh Tomato Salsa (Mild), [Pinto Beans, Rice, Fajita Veggies, Cheese, Guacamole, Lettuce]]",11.48
1159,478,1,Steak Salad Bowl,"[Fresh Tomato Salsa, [Rice, Fajita Vegetables, Sour Cream, Cheese, Lettuce, Guacamole]]",11.89
1160,479,1,Chicken Burrito,"[Fresh Tomato (Mild), [Guacamole, Rice, Fajita Veggies, Sour Cream, Cheese]]",10.58
1166,481,2,Chicken Burrito,"[Fresh Tomato Salsa, Rice]",17.5
1174,483,1,Barbacoa Bowl,"[Tomatillo-Green Chili Salsa (Medium), [Black Beans, Rice, Cheese, Guacamole]]",11.48
1175,483,1,Barbacoa Bowl,"[Fresh Tomato Salsa (Mild), [Black Beans, Rice, Cheese, Sour Cream, Guacamole, Lettuce]]",11.48
1185,487,1,Chicken Burrito,"[Fresh Tomato Salsa, [Lettuce, Guacamole, Rice, Cheese, Fajita Vegetables, Sour Cream]]",11.25
1189,488,1,Chicken Salad Bowl,"[Fresh Tomato Salsa, [Fajita Vegetables, Rice, Black Beans, Cheese, Sour Cream, Guacamole, Lettuce]]",11.25
1192,488,1,Steak Bowl,"[Tomatillo Red Chili Salsa, [Rice, Cheese, Sour Cream, Guacamole, Lettuce]]",11.75
1198,491,1,Chicken Bowl,"[Roasted Chili Corn Salsa, [Rice, Black Beans, Cheese, Guacamole]]",11.25
1199,491,1,Steak Burrito,"[Fresh Tomato Salsa, [Rice, Black Beans, Cheese, Sour Cream, Guacamole, Lettuce]]",11.75
1202,491,1,Barbacoa Burrito,"[Fresh Tomato Salsa, [Rice, Pinto Beans, Guacamole, Lettuce]]",11.75
1205,491,1,Chicken Bowl,"[Roasted Chili Corn Salsa, [Rice, Black Beans, Cheese, Sour Cream, Guacamole]]",11.25
1206,491,1,Chicken Bowl,"[Fresh Tomato Salsa, [Rice, Black Beans, Cheese, Guacamole]]",11.25
1207,492,1,Chicken Bowl,"[[Fresh Tomato Salsa (Mild), Tomatillo-Red Chili Salsa (Hot)], [Black Beans, Rice, Cheese, Sour Cream, Guacamole]]",10.98
1208,493,1,Chicken Burrito,"[Fresh Tomato Salsa, [Rice, Pinto Beans, Cheese, Sour Cream, Guacamole, Lettuce]]",11.25
1210,494,1,Chicken Bowl,"[Tomatillo-Red Chili Salsa (Hot), [Pinto Beans, Rice, Cheese, Sour Cream, Guacamole]]",10.98
1219,497,2,Chicken Burrito,"[Tomatillo Red Chili Salsa, [Cheese, Rice, Black Beans]]",17.5
1221,498,1,Chicken Bowl,"[Roasted Chili Corn Salsa, [Rice, Black Beans, Sour Cream, Guacamole]]",11.25
1222,498,1,Chicken Bowl,"[Tomatillo Green Chili Salsa, [Rice, Cheese, Guacamole, Lettuce]]",11.25
1229,501,1,Barbacoa Salad Bowl,"[Fresh Tomato Salsa, [Rice, Fajita Vegetables, Pinto Beans, Black Beans, Sour Cream, Cheese, Lettuce, Guacamole]]",11.89
1231,502,1,Steak Burrito,"[Roasted Chili Corn Salsa, [Black Beans, Cheese, Sour Cream, Guacamole, Lettuce]]",11.75
1233,503,1,Chicken Burrito,"[Roasted Chili Corn Salsa, [Rice, Black Beans, Cheese, Sour Cream, Guacamole, Lettuce]]",11.25
1242,507,1,Veggie Bowl,"[Tomatillo Red Chili Salsa, [Rice, Black Beans, Cheese, Sour Cream, Guacamole, Lettuce]]",11.25
1244,507,1,Carnitas Bowl,"[Tomatillo Green Chili Salsa, [Rice, Pinto Beans, Cheese, Guacamole, Lettuce]]",11.75
1251,509,1,Chicken Burrito,"[Fresh Tomato Salsa, [Rice, Fajita Vegetables, Sour Cream, Cheese, Guacamole]]",11.25
1254,511,4,Chicken Burrito,"[Fresh Tomato Salsa, [Fajita Vegetables, Rice, Black Beans, Cheese, Lettuce]]",35.0
1255,511,3,Steak Burrito,"[Fresh Tomato Salsa, [Fajita Vegetables, Rice, Black Beans, Cheese, Lettuce]]",27.75
1257,511,4,Chips and Fresh Tomato Salsa,,11.8
1261,512,1,Veggie Burrito,"[Roasted Chili Corn Salsa (Medium), [Black Beans, Rice, Fajita Veggies, Cheese, Sour Cream, Guacamole, Lettuce]]",10.98
1262,513,2,Steak Burrito,"[[Tomatillo-Green Chili Salsa (Medium), Tomatillo-Red Chili Salsa (Hot)], [Black Beans, Rice, Fajita Veggies, Sour Cream]]",17.98
1273,518,1,Chicken Burrito,"[[Roasted Chili Corn Salsa (Medium), Fresh Tomato Salsa (Mild)], [Rice, Black Beans, Fajita Veggies, Cheese, Sour Cream, Guacamole, Lettuce]]",10.98
1275,519,1,Steak Burrito,"[Fresh Tomato Salsa (Mild), [Rice, Cheese, Sour Cream, Guacamole, Lettuce]]",11.48
1276,519,1,Steak Burrito,"[Fresh Tomato Salsa (Mild), [Rice, Black Beans, Cheese, Sour Cream, Guacamole, Lettuce]]",11.48
1291,526,1,Chicken Bowl,"[Fresh Tomato Salsa, [Fajita Vegetables, Rice, Cheese, Sour Cream, Guacamole, Lettuce]]",11.25
1294,527,1,Carnitas Bowl,"[Fresh Tomato (Mild), [Guacamole, Lettuce, Rice, Sour Cream, Cheese]]",11.08
1296,528,1,Chicken Bowl,"[Fresh Tomato Salsa (Mild), [Rice, Black Beans, Fajita Veggies, Cheese, Guacamole, Lettuce]]",10.98
1299,529,1,Chicken Bowl,"[Roasted Chili Corn Salsa, [Fajita Vegetables, Black Beans, Guacamole]]",11.25
1309,534,1,Steak Burrito,"[Tomatillo Red Chili Salsa, [Fajita Vegetables, Black Beans, Cheese, Sour Cream, Guacamole]]",11.75
1310,534,1,Chicken Burrito,"[Roasted Chili Corn Salsa, [Fajita Vegetables, Rice, Black Beans, Cheese, Sour Cream, Guacamole]]",11.25
1311,534,1,Steak Salad Bowl,"[Roasted Chili Corn Salsa, [Fajita Vegetables, Rice, Black Beans, Cheese, Sour Cream, Guacamole, Lettuce]]",11.89
1320,538,1,Chicken Burrito,"[[Tomatillo-Green Chili Salsa (Medium), Roasted Chili Corn Salsa (Medium), Tomatillo-Red Chili Salsa (Hot)], [Pinto Beans, Rice, Fajita Veggies, Cheese, Sour Cream, Guacamole, Lettuce]]",10.98
1321,539,1,Steak Burrito,"[[Fresh Tomato Salsa (Mild), Tomatillo-Red Chili Salsa (Hot)], [Rice, Cheese, Sour Cream, Guacamole]]",11.48
1325,541,1,Steak Burrito,"[Fresh Tomato Salsa, [Fajita Vegetables, Rice, Black Beans, Cheese, Sour Cream, Guacamole]]",11.75
1326,541,1,Barbacoa Salad Bowl,"[Fresh Tomato Salsa, [Fajita Vegetables, Rice, Black Beans, Cheese, Guacamole, Lettuce]]",11.89
1334,545,1,Barbacoa Soft Tacos,"[Roasted Chili Corn Salsa, [Rice, Cheese, Sour Cream, Guacamole]]",11.75
1336,546,1,Chicken Burrito,"[Tomatillo Green Chili Salsa, [Rice, Black Beans, Sour Cream, Cheese, Guacamole]]",11.25
1337,546,1,Carnitas Burrito,"[Tomatillo Green Chili Salsa, [Rice, Fajita Vegetables, Sour Cream, Cheese, Lettuce, Guacamole]]",11.75
1341,548,1,Carnitas Bowl,"[Tomatillo Green Chili Salsa, [Rice, Black Beans, Pinto Beans, Cheese, Guacamole]]",11.75
1350,551,1,Chicken Burrito,"[Tomatillo Green Chili Salsa, Guacamole]",11.25
1352,552,1,Chicken Salad Bowl,"[Roasted Chili Corn Salsa, [Fajita Vegetables, Rice, Black Beans, Guacamole]]",11.25
1353,552,1,Steak Soft Tacos,"[Tomatillo Green Chili Salsa, [Fajita Vegetables, Black Beans, Cheese, Guacamole, Lettuce]]",11.75
1354,553,1,Steak Bowl,"[[Tomatillo-Green Chili Salsa (Medium), Roasted Chili Corn Salsa (Medium)], [Rice, Cheese, Sour Cream, Guacamole, Lettuce]]",11.48
1362,556,1,Chicken Burrito,"[Tomatillo-Red Chili Salsa (Hot), [Black Beans, Rice, Cheese, Sour Cream, Guacamole]]",10.98
1363,557,1,Veggie Bowl,"[Roasted Chili Corn Salsa, [Fajita Vegetables, Cheese, Sour Cream, Guacamole, Lettuce]]",11.25
1378,561,1,Chicken Bowl,"[Tomatillo Green Chili Salsa, [Rice, Black Beans, Pinto Beans, Guacamole, Lettuce]]",11.25
1383,562,1,Barbacoa Bowl,"[[Tomatillo-Green Chili Salsa (Medium), Roasted Chili Corn Salsa (Medium)], [Rice, Fajita Veggies, Guacamole, Lettuce]]",11.48
1384,562,1,Steak Burrito,"[Fresh Tomato Salsa (Mild), [Cheese, Sour Cream, Guacamole, Lettuce]]",11.48
1388,564,1,Steak Burrito,"[Fresh Tomato Salsa, [Rice, Sour Cream, Guacamole]]",11.75
1393,566,1,Carnitas Bowl,"[Fresh Tomato Salsa, [Rice, Black Beans, Cheese, Guacamole, Lettuce]]",11.75
1397,568,1,Chicken Bowl,"[Tomatillo-Green Chili Salsa (Medium), [Fajita Veggies, Cheese, Guacamole, Lettuce]]",10.98
1401,570,1,Chicken Bowl,"[Roasted Chili Corn Salsa, [Rice, Black Beans, Cheese, Lettuce, Guacamole]]",11.25
1403,571,1,Chicken Burrito,"[Fresh Tomato Salsa, [Rice, Black Beans, Cheese, Sour Cream, Guacamole]]",11.25
1404,571,1,Veggie Bowl,"[Fresh Tomato Salsa, [Fajita Vegetables, Rice, Guacamole]]",11.25
1422,577,1,Chicken Salad Bowl,"[Fresh Tomato Salsa, [Rice, Black Beans, Cheese, Guacamole, Lettuce]]",11.25
1424,577,1,Chicken Burrito,"[Roasted Chili Corn Salsa, [Fajita Vegetables, Rice, Pinto Beans, Guacamole, Lettuce]]",11.25
1426,577,1,Chicken Soft Tacos,"[Fresh Tomato Salsa, [Fajita Vegetables, Cheese, Guacamole]]",11.25
1427,577,1,Chicken Bowl,"[Tomatillo Red Chili Salsa, [Fajita Vegetables, Rice, Cheese, Guacamole]]",11.25
1428,577,1,Veggie Bowl,"[Fresh Tomato Salsa, [Black Beans, Pinto Beans, Cheese, Guacamole, Lettuce]]",11.25
1429,578,2,Chicken Bowl,"[Fresh Tomato Salsa, [Rice, Sour Cream, Guacamole]]",22.5
1430,579,1,Carnitas Bowl,"[[Tomatillo-Red Chili Salsa (Hot), Fresh Tomato Salsa (Mild)], [Rice, Fajita Veggies, Cheese, Sour Cream, Guacamole, Lettuce]]",11.48
1448,588,1,Chicken Burrito,"[Fresh Tomato Salsa, [Fajita Vegetables, Rice, Black Beans, Pinto Beans, Cheese, Sour Cream, Guacamole, Lettuce]]",11.25
1449,588,1,Chicken Bowl,"[Fresh Tomato Salsa, [Fajita Vegetables, Rice, Black Beans, Pinto Beans, Cheese, Sour Cream, Guacamole]]",11.25
1461,593,1,Steak Bowl,"[[Fresh Tomato Salsa (Mild), Roasted Chili Corn Salsa (Medium)], [Rice, Fajita Veggies, Cheese, Sour Cream, Guacamole, Lettuce]]",11.48
1466,596,1,Chicken Burrito,"[Tomatillo-Green Chili Salsa (Medium), [Black Beans, Rice, Cheese, Sour Cream, Guacamole, Lettuce]]",10.98
1469,597,1,Steak Burrito,"[Fresh Tomato Salsa, [Rice, Sour Cream, Guacamole, Lettuce]]",11.75
1474,599,1,Chicken Bowl,"[Fresh Tomato Salsa (Mild), [Black Beans, Rice, Sour Cream, Guacamole]]",10.98
1489,605,1,Chicken Soft Tacos,"[Tomatillo-Red Chili Salsa (Hot), [Fajita Veggies, Cheese, Sour Cream, Guacamole]]",10.98
1499,609,1,Chicken Bowl,"[Fresh Tomato Salsa, [Fajita Vegetables, Pinto Beans, Guacamole, Lettuce]]",11.25
1505,612,1,Steak Salad Bowl,"[Fresh Tomato Salsa, [Rice, Pinto Beans, Cheese, Sour Cream, Guacamole, Lettuce]]",11.89
1514,616,3,Chicken Bowl,"[Fresh Tomato Salsa, [Rice, Black Beans, Cheese, Sour Cream, Lettuce]]",26.25
1523,621,1,Chicken Bowl,"[Roasted Chili Corn Salsa, [Fajita Vegetables, Rice, Black Beans, Pinto Beans, Cheese, Guacamole, Lettuce]]",11.25
1524,621,1,Chicken Salad Bowl,"[Fresh Tomato Salsa, [Fajita Vegetables, Rice, Black Beans, Pinto Beans, Cheese, Sour Cream, Guacamole, Lettuce]]",11.25
1541,627,1,Chicken Burrito,"[Fresh Tomato Salsa, [Guacamole, Lettuce, Sour Cream, Fajita Vegetables, Cheese, Rice]]",11.25
1542,627,1,Steak Soft Tacos,"[Tomatillo Green Chili Salsa, [Fajita Vegetables, Rice, Cheese, Sour Cream, Guacamole]]",11.75
1545,628,1,Chicken Bowl,"[Fresh Tomato Salsa, [Fajita Vegetables, Rice, Cheese, Guacamole]]",11.25
1552,630,1,Chicken Bowl,"[Fresh Tomato Salsa, [Rice, Guacamole, Lettuce]]",11.25
1556,632,1,Steak Bowl,"[Tomatillo Green Chili Salsa, [Rice, Pinto Beans, Cheese, Guacamole, Lettuce]]",11.75
1563,635,1,Steak Bowl,"[Tomatillo Green Chili Salsa, [Rice, Cheese, Sour Cream, Guacamole, Lettuce]]",11.75
1571,637,1,Steak Salad Bowl,"[Fresh Tomato Salsa, [Fajita Vegetables, Sour Cream, Cheese, Lettuce, Guacamole]]",11.89
1582,640,1,Steak Burrito,"[Roasted Chili Corn Salsa, [Fajita Vegetables, Black Beans, Sour Cream, Lettuce, Guacamole]]",11.75
1588,643,2,Chicken Bowl,"[Fresh Tomato Salsa, [Fajita Vegetables, Rice, Sour Cream, Lettuce]]",17.5
1590,644,1,Steak Salad Bowl,"[Fresh Tomato Salsa, [Fajita Vegetables, Rice, Black Beans, Cheese, Sour Cream, Guacamole]]",11.89
1595,646,1,Chicken Burrito,"[Roasted Chili Corn Salsa, [Fajita Vegetables, Rice, Black Beans, Cheese, Sour Cream, Guacamole, Lettuce]]",11.25
1596,647,1,Chicken Bowl,"[Fresh Tomato Salsa, [Rice, Fajita Vegetables, Cheese, Lettuce, Guacamole]]",11.25
1603,649,1,Chicken Bowl,"[Fresh Tomato Salsa, [Rice, Cheese, Sour Cream, Guacamole, Lettuce]]",11.25
1613,652,1,Chicken Burrito,"[Fresh Tomato Salsa (Mild), [Black Beans, Rice, Sour Cream, Guacamole]]",10.98
1614,652,1,Chicken Soft Tacos,"[Fresh Tomato Salsa (Mild), [Rice, Fajita Veggies, Guacamole, Lettuce]]",10.98
1616,653,1,Chicken Burrito,"[Fresh Tomato Salsa, [Guacamole, Cheese, Rice, Sour Cream, Fajita Vegetables, Lettuce]]",11.25
1617,653,1,Steak Soft Tacos,"[Tomatillo Green Chili Salsa, [Sour Cream, Cheese, Guacamole, Rice, Fajita Vegetables]]",11.75
1618,654,1,Steak Bowl,"[Fresh Tomato Salsa, [Rice, Pinto Beans, Cheese, Guacamole, Lettuce]]",11.75
1631,658,1,Veggie Burrito,"[Fresh Tomato Salsa, [Fajita Vegetables, Rice, Black Beans, Sour Cream, Guacamole, Lettuce]]",11.25
1632,658,1,Carnitas Crispy Tacos,"[Fresh Tomato Salsa, [Fajita Vegetables, Rice, Black Beans, Cheese, Sour Cream, Guacamole, Lettuce]]",11.75
1633,659,1,Steak Burrito,"[Roasted Chili Corn Salsa, [Rice, Pinto Beans, Sour Cream, Cheese, Guacamole]]",11.75
1643,664,1,Barbacoa Bowl,"[Fresh Tomato Salsa, [Rice, Black Beans, Cheese, Sour Cream, Guacamole]]",11.75
1648,666,1,Barbacoa Burrito,"[Fresh Tomato (Mild), [Guacamole, Rice, Black Beans]]",11.08
1656,670,2,Chicken Burrito,"[Tomatillo Red Chili Salsa, Rice]",17.5
1661,672,1,Chicken Burrito,"[Fresh Tomato Salsa (Mild), [Fajita Veggies, Guacamole, Lettuce]]",10.98
1663,673,1,Chicken Burrito,"[Fresh Tomato Salsa, [Rice, Black Beans, Sour Cream, Cheese, Lettuce, Guacamole]]",11.25
1677,679,1,Carnitas Burrito,"[Tomatillo Green Chili Salsa, [Rice, Pinto Beans, Cheese, Sour Cream, Guacamole]]",11.75
1683,682,1,Chicken Bowl,"[Fresh Tomato Salsa, [Rice, Cheese, Sour Cream, Guacamole]]",11.25
1684,682,1,Chicken Bowl,"[Roasted Chili Corn Salsa, [Rice, Cheese, Sour Cream, Guacamole]]",11.25
1689,684,1,Steak Burrito,"[Fresh Tomato Salsa, [Sour Cream, Guacamole, Rice, Lettuce]]",11.75
1695,687,1,Veggie Burrito,"[Fresh Tomato Salsa, [Rice, Fajita Vegetables, Black Beans, Lettuce, Guacamole]]",11.25
1698,688,1,Chicken Burrito,"[Fresh Tomato Salsa, [Fajita Vegetables, Rice, Cheese, Guacamole]]",11.25
1699,688,1,Veggie Soft Tacos,"[Fresh Tomato Salsa, [Fajita Vegetables, Rice, Black Beans, Pinto Beans, Cheese, Sour Cream, Guacamole, Lettuce]]",11.25
1700,688,1,Chicken Burrito,"[Tomatillo Green Chili Salsa, [Fajita Vegetables, Rice, Black Beans, Pinto Beans, Cheese, Sour Cream, Guacamole, Lettuce]]",11.25
1708,691,1,Chicken Salad Bowl,"[Roasted Chili Corn Salsa, [Fajita Vegetables, Black Beans, Guacamole, Lettuce]]",11.25
1712,691,1,Chicken Burrito,"[Roasted Chili Corn Salsa, [Fajita Vegetables, Rice, Black Beans, Guacamole]]",11.25
1714,691,1,Chicken Burrito,"[Roasted Chili Corn Salsa, [Rice, Pinto Beans, Cheese, Sour Cream, Guacamole, Lettuce]]",11.25
1715,691,1,Steak Burrito,"[Fresh Tomato Salsa, [Rice, Pinto Beans, Guacamole, Lettuce]]",11.75
1716,691,1,Chicken Bowl,"[Roasted Chili Corn Salsa, [Fajita Vegetables, Rice, Pinto Beans, Cheese, Guacamole, Lettuce]]",11.25
1718,692,2,Chicken Burrito,"[Tomatillo-Red Chili Salsa (Hot), [Lettuce, Guacamole, Sour Cream, Cheese, Rice, Black Beans]]",21.96
1719,693,1,Chicken Bowl,"[Fresh Tomato Salsa (Mild), [Pinto Beans, Rice, Fajita Veggies, Cheese, Sour Cream, Guacamole, Lettuce]]",10.98
1721,694,1,Steak Soft Tacos,"[[Fresh Tomato Salsa (Mild), Tomatillo-Red Chili Salsa (Hot)], [Black Beans, Rice, Cheese, Sour Cream, Guacamole, Lettuce]]",11.48
1738,701,1,Chicken Salad Bowl,"[Roasted Chili Corn Salsa, [Fajita Vegetables, Rice, Black Beans, Pinto Beans, Guacamole, Lettuce]]",11.25
1744,704,1,Steak Bowl,"[Fresh Tomato Salsa, Guacamole]",11.75
1746,705,1,Barbacoa Bowl,"[Tomatillo Red Chili Salsa, [Cheese, Sour Cream, Guacamole, Lettuce]]",11.75
1751,707,1,Chicken Burrito,"[Tomatillo Red Chili Salsa, [Rice, Pinto Beans, Sour Cream, Guacamole, Lettuce]]",11.25
1753,708,2,Steak Burrito,"[Tomatillo Green Chili Salsa, [Fajita Vegetables, Rice, Cheese, Sour Cream, Guacamole, Lettuce]]",23.5
1754,708,1,Barbacoa Soft Tacos,"[Tomatillo Green Chili Salsa, [Pinto Beans, Sour Cream, Guacamole]]",11.75
1765,712,1,Steak Burrito,"[Roasted Chili Corn Salsa, [Fajita Vegetables, Rice, Black Beans, Cheese, Sour Cream, Guacamole, Lettuce]]",11.75
1768,713,1,Veggie Burrito,"[[Fresh Tomato Salsa (Mild), Roasted Chili Corn Salsa (Medium)], [Black Beans, Rice, Cheese, Sour Cream, Guacamole]]",10.98
1777,718,1,Chicken Bowl,"[[Fresh Tomato Salsa (Mild), Roasted Chili Corn Salsa (Medium)], [Black Beans, Rice, Fajita Veggies, Cheese, Sour Cream, Guacamole, Lettuce]]",10.98
1806,731,1,Chicken Salad Bowl,"[Fresh Tomato Salsa, [Rice, Fajita Vegetables, Pinto Beans, Black Beans, Lettuce, Guacamole]]",11.25
1813,734,1,Chicken Salad Bowl,"[Fresh Tomato Salsa, [Fajita Vegetables, Black Beans, Cheese, Guacamole]]",11.25
1815,734,1,Chicken Salad Bowl,"[Tomatillo Red Chili Salsa, [Fajita Vegetables, Black Beans, Guacamole, Lettuce]]",11.25
1816,734,1,Steak Salad Bowl,"[Fresh Tomato Salsa, [Rice, Black Beans, Cheese, Guacamole]]",11.89
1823,737,1,Steak Bowl,"[Tomatillo Green Chili Salsa, [Rice, Black Beans, Cheese, Sour Cream, Guacamole, Lettuce]]",11.75
1832,741,2,Chicken Bowl,"[Tomatillo-Red Chili Salsa (Hot), [Sour Cream, Cheese, Fajita Veggies, Guacamole, Rice, Pinto Beans]]",21.96
1845,747,2,Chicken Burrito,"[Fresh Tomato Salsa, [Fajita Vegetables, Rice, Pinto Beans, Cheese, Sour Cream]]",17.5
1861,754,1,Steak Burrito,"[Fresh Tomato Salsa, [Rice, Pinto Beans, Cheese, Sour Cream, Guacamole]]",11.75
1863,755,1,Veggie Bowl,"[Tomatillo-Green Chili Salsa (Medium), [Black Beans, Rice, Cheese, Sour Cream, Guacamole, Lettuce]]",10.98
1872,759,1,Chicken Bowl,"[Fresh Tomato Salsa, [Rice, Black Beans, Pinto Beans, Guacamole, Lettuce]]",11.25
1877,759,1,Chicken Bowl,"[Fresh Tomato Salsa, [Fajita Vegetables, Rice, Guacamole, Lettuce]]",11.25
1883,760,1,Chicken Salad Bowl,"[Fresh Tomato Salsa, [Fajita Vegetables, Rice, Black Beans, Pinto Beans, Guacamole, Lettuce]]",11.25
1903,768,2,Barbacoa Crispy Tacos,"[Fresh Tomato Salsa, [Sour Cream, Cheese, Rice]]",18.5
1908,770,1,Carnitas Bowl,"[Fresh Tomato Salsa, [Rice, Black Beans, Cheese, Sour Cream, Guacamole]]",11.75
1917,774,1,Carnitas Bowl,"[Fresh Tomato Salsa, [Rice, Fajita Vegetables, Black Beans, Cheese, Lettuce, Guacamole]]",11.75
1931,782,1,Chicken Bowl,"[Tomatillo Green Chili Salsa, [Rice, Cheese, Guacamole]]",11.25
1938,784,1,Chicken Soft Tacos,"[Tomatillo Green Chili Salsa, [Sour Cream, Guacamole]]",11.25
1939,785,1,Steak Burrito,"[Fresh Tomato Salsa, [Rice, Sour Cream, Lettuce, Guacamole]]",11.75
1952,790,1,Chicken Bowl,"[Fresh Tomato Salsa (Mild), [Pinto Beans, Rice, Sour Cream, Guacamole]]",10.98
1956,791,1,Chicken Salad Bowl,"[Fresh Tomato Salsa, [Fajita Vegetables, Rice, Guacamole, Lettuce]]",11.25
1957,791,1,Chicken Burrito,"[Roasted Chili Corn Salsa, [Fajita Vegetables, Rice, Sour Cream, Guacamole]]",11.25
1963,793,1,Carnitas Soft Tacos,"[Fresh Tomato Salsa, [Sour Cream, Guacamole]]",11.75
1966,794,1,Chicken Bowl,"[Fresh Tomato Salsa (Mild), [Black Beans, Rice, Cheese, Sour Cream, Guacamole, Lettuce]]",10.98
1981,800,2,Chicken Burrito,"[Fresh Tomato Salsa, [Rice, Black Beans, Cheese, Sour Cream, Lettuce]]",17.5
1982,801,1,Veggie Burrito,"[Tomatillo Green Chili Salsa, [Fajita Vegetables, Rice, Cheese, Guacamole, Lettuce]]",11.25
1984,802,1,Chicken Bowl,"[Fresh Tomato Salsa (Mild), [Rice, Pinto Beans, Cheese, Guacamole, Lettuce]]",10.98
1989,804,1,Chicken Bowl,"[Fresh Tomato Salsa, [Rice, Black Beans, Cheese, Guacamole, Lettuce]]",11.25
1994,806,1,Chicken Bowl,"[Tomatillo Green Chili Salsa, [Rice, Black Beans, Cheese, Guacamole]]",11.25
1996,806,1,Chicken Bowl,"[Tomatillo Red Chili Salsa, [Fajita Vegetables, Rice, Black Beans, Cheese, Guacamole, Lettuce]]",11.25
1997,806,1,Chicken Bowl,"[Fresh Tomato Salsa, [Fajita Vegetables, Rice, Pinto Beans, Cheese, Guacamole, Lettuce]]",11.25
2001,807,1,Chicken Bowl,"[Tomatillo Red Chili Salsa, [Rice, Pinto Beans, Guacamole, Lettuce]]",11.25
2008,810,1,Steak Burrito,"[[Fresh Tomato Salsa (Mild), Roasted Chili Corn Salsa (Medium)], [Rice, Guacamole, Lettuce]]",11.48
2009,810,1,Steak Burrito,"[Fresh Tomato Salsa (Mild), [Black Beans, Rice, Guacamole, Lettuce]]",11.48
2012,812,1,Chicken Bowl,"[Tomatillo Green Chili Salsa, [Rice, Sour Cream, Guacamole]]",11.25
2013,812,1,Barbacoa Bowl,"[Tomatillo Red Chili Salsa, [Black Beans, Cheese, Sour Cream, Guacamole]]",11.75
2020,814,1,Chicken Bowl,"[Roasted Chili Corn Salsa, [Fajita Vegetables, Rice, Pinto Beans, Cheese, Sour Cream, Guacamole, Lettuce]]",11.25
2033,818,1,Carnitas Bowl,"[Tomatillo Red Chili Salsa, [Fajita Vegetables, Rice, Black Beans, Cheese, Guacamole, Lettuce]]",11.75
2041,821,1,Chicken Burrito,"[Tomatillo-Green Chili Salsa (Medium), [Rice, Cheese, Guacamole]]",10.98
2049,825,1,Chicken Bowl,"[[Fresh Tomato Salsa (Mild), Roasted Chili Corn Salsa (Medium)], [Black Beans, Guacamole]]",10.98
2059,830,1,Steak Burrito,"[Tomatillo Green Chili Salsa, [Fajita Vegetables, Cheese, Sour Cream, Guacamole, Lettuce, Rice]]",11.75
2060,830,1,Chicken Soft Tacos,"[Tomatillo Green Chili Salsa, [Guacamole, Sour Cream]]",11.25
2061,831,2,Chicken Burrito,"[Fresh Tomato Salsa, [Lettuce, Rice, Black Beans, Cheese]]",17.5
2065,833,1,Chicken Bowl,"[Fresh Tomato Salsa, [Sour Cream, Guacamole, Lettuce]]",11.25
2072,836,1,Steak Bowl,"[Tomatillo Green Chili Salsa, [Fajita Vegetables, Rice, Black Beans, Cheese, Guacamole]]",11.75
2073,836,1,Barbacoa Bowl,"[Tomatillo Green Chili Salsa, [Fajita Vegetables, Pinto Beans, Sour Cream, Guacamole, Lettuce]]",11.75
2075,837,2,Chicken Bowl,"[Tomatillo-Red Chili Salsa (Hot), [Pinto Beans, Cheese, Sour Cream, Rice, Fajita Veggies, Guacamole]]",21.96
2079,839,1,Chicken Soft Tacos,"[Fresh Tomato Salsa, [Cheese, Sour Cream, Guacamole]]",11.25
2085,842,1,Chicken Burrito,"[Fresh Tomato Salsa (Mild), [Black Beans, Rice, Cheese, Sour Cream, Guacamole]]",10.98
2089,843,1,Steak Bowl,"[Tomatillo Red Chili Salsa, [Black Beans, Pinto Beans, Cheese, Sour Cream, Guacamole, Lettuce]]",11.75
2095,845,1,Steak Bowl,"[Tomatillo Green Chili Salsa, [Rice, Black Beans, Guacamole, Lettuce]]",11.75
2106,848,2,Chicken Bowl,"[Fresh Tomato Salsa, [Black Beans, Cheese, Sour Cream]]",17.5
2110,849,1,Chicken Burrito,"[Roasted Chili Corn Salsa, [Rice, Pinto Beans, Cheese, Sour Cream, Guacamole]]",11.25
2114,851,1,Chicken Bowl,"[Tomatillo Green Chili Salsa, [Fajita Vegetables, Rice, Cheese, Guacamole, Lettuce]]",11.25
2122,855,1,Steak Burrito,"[Roasted Chili Corn Salsa, [Rice, Cheese, Guacamole, Lettuce]]",11.75
2133,859,1,Chicken Burrito,"[Tomatillo-Red Chili Salsa (Hot), [Rice, Guacamole]]",10.98
2144,864,1,Steak Soft Tacos,"[Fresh Tomato Salsa, [Sour Cream, Cheese, Lettuce, Guacamole]]",11.75
2146,865,1,Chicken Bowl,"[[Fresh Tomato Salsa (Mild), Tomatillo-Red Chili Salsa (Hot)], [Guacamole, Rice, Black Beans, Cheese, Sour Cream]]",10.98
2156,869,1,Veggie Salad Bowl,"[Tomatillo Red Chili Salsa, [Fajita Vegetables, Rice, Black Beans, Cheese, Guacamole]]",11.25
2159,871,1,Chicken Burrito,"[[Tomatillo-Green Chili Salsa (Medium), Roasted Chili Corn Salsa (Medium)], [Pinto Beans, Black Beans, Rice, Fajita Veggies, Cheese, Sour Cream, Guacamole, Lettuce]]",10.98
2160,872,1,Chicken Burrito,"[[Fresh Tomato Salsa (Mild), Tomatillo-Red Chili Salsa (Hot)], [Rice, Fajita Veggies, Cheese, Sour Cream, Guacamole, Lettuce]]",10.98
2166,874,1,Steak Bowl,"[Fresh Tomato Salsa, [Fajita Vegetables, Rice, Black Beans, Cheese, Sour Cream, Guacamole, Lettuce]]",11.75
2168,875,1,Chicken Bowl,"[[Fresh Tomato Salsa (Mild), Roasted Chili Corn Salsa (Medium)], [Black Beans, Cheese, Guacamole]]",10.98
2178,879,1,Chicken Bowl,"[Fresh Tomato Salsa, [Fajita Vegetables, Rice, Black Beans, Cheese, Guacamole]]",11.25
2183,881,1,Chicken Bowl,"[Fresh Tomato Salsa, [Rice, Black Beans, Sour Cream, Cheese, Guacamole]]",11.25
2184,881,1,Chicken Burrito,"[Fresh Tomato Salsa, [Sour Cream, Cheese, Lettuce, Guacamole]]",11.25
2195,885,1,Steak Burrito,"[Fresh Tomato Salsa, [Rice, Fajita Vegetables, Pinto Beans, Cheese, Lettuce, Guacamole]]",11.75
2196,886,1,Steak Bowl,"[Fresh Tomato Salsa, [Rice, Cheese, Sour Cream, Guacamole, Lettuce]]",11.75
2197,886,1,Steak Bowl,"[Fresh Tomato Salsa, [Rice, Black Beans, Cheese, Sour Cream, Guacamole, Lettuce]]",11.75
2198,887,1,Steak Bowl,"[Fresh Tomato Salsa, [Rice, Black Beans, Sour Cream, Cheese, Guacamole]]",11.75
2209,890,1,Steak Bowl,"[Roasted Chili Corn Salsa, [Rice, Pinto Beans, Cheese, Sour Cream, Guacamole]]",11.75
2217,893,1,Chicken Burrito,"[Roasted Chili Corn Salsa, [Fajita Vegetables, Rice, Sour Cream, Guacamole, Lettuce]]",11.25
2219,894,1,Veggie Burrito,"[Fresh Tomato Salsa, [Fajita Vegetables, Rice, Pinto Beans, Cheese, Guacamole, Lettuce]]",11.25
2228,898,1,Chicken Bowl,"[Roasted Chili Corn Salsa, [Rice, Black Beans, Guacamole]]",11.25
2231,899,1,Steak Crispy Tacos,"[Fresh Tomato Salsa, Guacamole]",11.75
2233,900,1,Carnitas Bowl,"[Roasted Chili Corn Salsa (Medium), [Rice, Guacamole, Lettuce]]",11.48
2236,901,1,Steak Burrito,"[[Fresh Tomato Salsa (Mild), Roasted Chili Corn Salsa (Medium)], [Black Beans, Rice, Sour Cream, Guacamole, Lettuce]]",11.48
2254,908,1,Chicken Burrito,"[Fresh Tomato Salsa (Mild), [Pinto Beans, Rice, Fajita Veggies, Cheese, Sour Cream, Guacamole, Lettuce]]",10.98
2280,916,1,Veggie Burrito,"[Roasted Chili Corn Salsa, [Rice, Black Beans, Cheese, Sour Cream, Guacamole, Lettuce]]",11.25
2285,917,1,Chicken Burrito,"[Tomatillo-Green Chili Salsa (Medium), [Black Beans, Rice, Cheese, Sour Cream, Guacamole]]",10.98
2291,920,1,Chicken Burrito,"[Fresh Tomato Salsa (Mild), [Black Beans, Rice, Cheese, Sour Cream, Guacamole, Lettuce]]",10.98
2334,930,1,Chicken Bowl,"[Fresh Tomato Salsa, [Rice, Black Beans, Sour Cream, Guacamole, Lettuce]]",11.25
2339,932,2,Chicken Bowl,"[[Fresh Tomato Salsa (Mild), Roasted Chili Corn Salsa (Medium)], [Rice, Fajita Veggies]]",16.98
2340,933,1,Steak Bowl,"[Fresh Tomato Salsa, [Black Beans, Pinto Beans, Cheese, Sour Cream, Guacamole]]",11.75
2357,939,1,Chicken Bowl,"[Roasted Chili Corn Salsa (Medium), [Black Beans, Rice, Cheese, Guacamole, Lettuce]]",10.98
2363,941,1,Chicken Bowl,"[Tomatillo Green Chili Salsa, [Rice, Cheese, Sour Cream, Guacamole]]",11.25
2369,943,1,Steak Burrito,"[Roasted Chili Corn Salsa, [Fajita Vegetables, Rice, Black Beans, Pinto Beans, Cheese, Sour Cream, Guacamole, Lettuce]]",11.75
2380,947,2,Steak Burrito,"[Fresh Tomato Salsa (Mild), [Pinto Beans, Cheese, Lettuce]]",17.98
2382,948,1,Carnitas Burrito,"[Fresh Tomato Salsa, [Fajita Vegetables, Rice, Black Beans, Cheese, Sour Cream, Guacamole, Lettuce]]",11.75
2383,948,1,Chicken Bowl,"[Fresh Tomato Salsa, [Fajita Vegetables, Rice, Black Beans, Pinto Beans, Cheese, Sour Cream, Guacamole, Lettuce]]",11.25
2386,949,1,Steak Bowl,"[Tomatillo Red Chili Salsa, [Rice, Black Beans, Sour Cream, Lettuce, Guacamole]]",11.75
2393,951,1,Chicken Burrito,"[Fresh Tomato Salsa, [Rice, Black Beans, Cheese, Guacamole]]",11.25
2394,952,1,Steak Burrito,"[Tomatillo Green Chili Salsa, [Rice, Black Beans, Cheese, Guacamole, Lettuce]]",11.75
2401,953,1,Steak Salad Bowl,"[Fresh Tomato Salsa, [Fajita Vegetables, Guacamole]]",11.89
2402,953,1,Steak Bowl,"[Fresh Tomato Salsa, [Fajita Vegetables, Rice, Guacamole]]",11.75
2403,953,1,Chicken Salad Bowl,"[Fresh Tomato Salsa, [Fajita Vegetables, Rice, Pinto Beans, Cheese, Guacamole]]",11.25
2414,957,1,Chicken Burrito,"[Fresh Tomato Salsa, [Rice, Cheese, Sour Cream, Guacamole]]",11.25
2423,962,1,Chicken Salad Bowl,"[Tomatillo Red Chili Salsa, [Fajita Vegetables, Rice, Black Beans, Cheese, Guacamole]]",11.25
2425,963,1,Veggie Burrito,"[Tomatillo Red Chili Salsa, [Fajita Vegetables, Rice, Black Beans, Cheese, Guacamole, Lettuce]]",11.25
2434,966,1,Barbacoa Soft Tacos,"[Roasted Chili Corn Salsa, [Cheese, Sour Cream, Guacamole]]",11.75
2439,969,1,Steak Salad Bowl,"[Fresh Tomato Salsa, [Fajita Vegetables, Rice, Cheese, Sour Cream, Guacamole, Lettuce]]",11.89
2442,970,1,Barbacoa Salad Bowl,"[Tomatillo Green Chili Salsa, [Rice, Fajita Vegetables, Pinto Beans, Sour Cream, Cheese, Lettuce, Guacamole]]",11.89
2451,973,1,Chicken Bowl,"[Tomatillo Red Chili Salsa, [Rice, Black Beans, Sour Cream, Guacamole, Lettuce]]",11.25
2461,976,1,Steak Crispy Tacos,"[Fresh Tomato Salsa, [Cheese, Guacamole]]",11.75
2471,980,1,Veggie Bowl,"[[Roasted Chili Corn Salsa (Medium), Tomatillo-Red Chili Salsa (Hot)], [Black Beans, Rice, Cheese, Guacamole, Lettuce]]",10.98
2476,983,1,Chicken Bowl,"[[Fresh Tomato Salsa (Mild), Roasted Chili Corn Salsa (Medium)], [Rice, Cheese, Sour Cream, Guacamole, Lettuce]]",10.98
2482,985,1,Veggie Burrito,"[[Tomatillo-Green Chili Salsa (Medium), Roasted Chili Corn Salsa (Medium), Tomatillo-Red Chili Salsa (Hot)], [Black Beans, Rice, Fajita Veggies, Guacamole, Lettuce]]",10.98
2485,987,1,Steak Burrito,"[Tomatillo Green Chili Salsa, [Lettuce, Guacamole, Sour Cream, Cheese, Fajita Vegetables, Rice]]",11.75
2486,987,1,Chicken Burrito,"[Roasted Chili Corn Salsa, [Guacamole, Sour Cream, Rice, Fajita Vegetables, Lettuce]]",11.25
2488,988,1,Carnitas Bowl,"[[Tomatillo-Red Chili Salsa (Hot), Fresh Tomato Salsa (Mild)], [Pinto Beans, Cheese, Guacamole, Lettuce]]",11.48
2491,989,1,Chicken Burrito,"[Tomatillo Green Chili Salsa, [Rice, Black Beans, Cheese, Sour Cream, Guacamole]]",11.25
2501,994,1,Chicken Burrito,"[Roasted Chili Corn Salsa (Medium), [Black Beans, Rice, Cheese, Guacamole, Lettuce]]",10.98
2505,995,1,Chicken Bowl,"[Fresh Tomato Salsa, [Rice, Black Beans, Guacamole, Lettuce]]",11.25
2507,996,1,Chicken Crispy Tacos,"[Tomatillo Red Chili Salsa, [Fajita Vegetables, Black Beans, Cheese, Guacamole, Lettuce]]",11.25
2508,996,1,Steak Burrito,"[Tomatillo Red Chili Salsa, [Fajita Vegetables, Rice, Black Beans, Pinto Beans, Cheese, Sour Cream, Guacamole, Lettuce]]",11.75
2509,996,1,Chicken Soft Tacos,"[Roasted Chili Corn Salsa, [Black Beans, Cheese, Guacamole, Lettuce]]",11.25
2518,1000,1,Chicken Bowl,"[Fresh Tomato Salsa, [Black Beans, Cheese, Guacamole, Lettuce]]",11.25
2523,1003,1,Carnitas Burrito,"[Tomatillo Red Chili Salsa, [Black Beans, Cheese, Sour Cream, Guacamole]]",11.75
2525,1004,2,Chicken Bowl,"[Tomatillo-Red Chili Salsa (Hot), [Rice, Fajita Veggies, Pinto Beans, Sour Cream, Cheese, Guacamole]]",21.96
2530,1006,1,Veggie Bowl,"[Fresh Tomato Salsa, [Rice, Black Beans, Cheese, Guacamole, Lettuce]]",11.25
2532,1006,1,Chicken Burrito,"[Fresh Tomato Salsa, [Rice, Cheese, Sour Cream, Guacamole, Lettuce]]",11.25
2547,1010,1,Carnitas Bowl,"[[Tomatillo-Red Chili Salsa (Hot), Fresh Tomato Salsa (Mild)], [Rice, Pinto Beans, Cheese, Guacamole]]",11.48
2557,1013,1,Carnitas Bowl,"[Roasted Chili Corn Salsa, [Fajita Vegetables, Rice, Pinto Beans, Cheese, Sour Cream, Guacamole, Lettuce]]",11.75
2559,1013,1,Chicken Bowl,"[Fresh Tomato Salsa, [Fajita Vegetables, Rice, Black Beans, Cheese, Sour Cream, Guacamole, Lettuce]]",11.25
2563,1015,1,Chicken Salad Bowl,"[Roasted Chili Corn Salsa, [Cheese, Guacamole, Lettuce]]",11.25
2565,1016,1,Veggie Bowl,"[Roasted Chili Corn Salsa, [Fajita Vegetables, Rice, Black Beans, Pinto Beans, Sour Cream, Guacamole, Lettuce]]",11.25
2567,1016,1,Carnitas Bowl,"[Fresh Tomato Salsa, [Fajita Vegetables, Rice, Black Beans, Pinto Beans, Cheese, Sour Cream, Guacamole, Lettuce]]",11.75
2568,1017,1,Veggie Bowl,"[Tomatillo Red Chili Salsa, [Fajita Vegetables, Rice, Black Beans, Cheese, Sour Cream, Guacamole]]",11.25
2569,1017,1,Chicken Bowl,"[Fresh Tomato Salsa, [Fajita Vegetables, Rice, Sour Cream, Guacamole]]",11.25
2577,1021,1,Chicken Bowl,"[Tomatillo Red Chili Salsa, [Rice, Fajita Vegetables, Black Beans, Cheese, Lettuce, Guacamole]]",11.25
2579,1022,1,Chicken Burrito,"[Tomatillo-Green Chili Salsa (Medium), [Rice, Cheese, Sour Cream, Guacamole]]",10.98
2580,1023,2,Chicken Bowl,"[[Roasted Chili Corn Salsa (Medium), Fresh Tomato Salsa (Mild)], [Rice, Fajita Veggies]]",16.98
2581,1024,2,Carnitas Burrito,"[Tomatillo Red Chili Salsa, [Rice, Pinto Beans, Cheese, Sour Cream]]",18.5
2582,1025,1,Chicken Bowl,"[[Tomatillo-Green Chili Salsa (Medium), Roasted Chili Corn Salsa (Medium)], [Black Beans, Rice, Fajita Veggies, Cheese, Sour Cream, Guacamole]]",10.98
2598,1031,2,Chicken Burrito,"[Fresh Tomato Salsa, [Rice, Black Beans, Cheese, Sour Cream]]",17.5
2606,1034,1,Chicken Bowl,"[Fresh Tomato Salsa, [Sour Cream, Fajita Vegetables, Rice, Guacamole, Cheese]]",11.25
2610,1035,1,Carnitas Salad Bowl,"[Roasted Chili Corn Salsa, [Fajita Vegetables, Rice, Black Beans, Cheese, Sour Cream, Guacamole, Lettuce]]",11.89
2611,1036,1,Chicken Bowl,"[Fresh Tomato Salsa (Mild), [Black Beans, Rice, Fajita Veggies, Cheese, Sour Cream, Guacamole, Lettuce]]",10.98
2612,1037,1,Chicken Burrito,"[Fresh Tomato Salsa, [Rice, Pinto Beans, Cheese, Guacamole, Lettuce]]",11.25
2615,1038,1,Chicken Salad Bowl,"[Fresh Tomato Salsa, [Rice, Cheese, Sour Cream, Guacamole]]",11.25
2617,1039,1,Chicken Burrito,"[Tomatillo-Red Chili Salsa (Hot), [Rice, Black Beans, Fajita Veggies, Guacamole]]",10.98
2625,1043,1,Steak Burrito,"[Fresh Tomato Salsa, [Rice, Fajita Vegetables, Pinto Beans, Cheese, Guacamole]]",11.75
2628,1044,1,Chicken Bowl,"[Roasted Chili Corn Salsa, [Rice, Black Beans, Sour Cream, Cheese, Guacamole]]",11.25
2629,1044,1,Steak Crispy Tacos,"[Fresh Tomato Salsa, [Sour Cream, Cheese, Lettuce, Guacamole]]",11.75
2635,1047,1,Steak Bowl,"[Fresh Tomato Salsa, [Rice, Cheese, Sour Cream, Guacamole]]",11.75
2638,1049,1,Veggie Burrito,"[Fresh Tomato Salsa, [Cheese, Sour Cream, Guacamole]]",11.25
2644,1051,1,Steak Bowl,"[Roasted Chili Corn Salsa, [Fajita Vegetables, Rice, Black Beans, Cheese, Sour Cream, Guacamole]]",11.75
2645,1051,3,Chips and Guacamole,,13.35
2647,1051,1,Carnitas Bowl,"[Tomatillo Green Chili Salsa, [Fajita Vegetables, Rice, Black Beans, Cheese, Sour Cream, Guacamole, Lettuce]]",11.75
2651,1052,1,Chicken Crispy Tacos,"[Fresh Tomato Salsa, [Fajita Vegetables, Cheese, Sour Cream, Guacamole]]",11.25
2661,1057,1,Chicken Soft Tacos,"[Tomatillo Red Chili Salsa, [Fajita Vegetables, Black Beans, Cheese, Guacamole, Lettuce]]",11.25
2672,1061,1,Chicken Bowl,"[Fresh Tomato Salsa (Mild), [Rice, Black Beans, Sour Cream, Guacamole]]",10.98
2673,1062,1,Veggie Bowl,"[Fresh Tomato Salsa (Mild), [Pinto Beans, Black Beans, Rice, Fajita Veggies, Cheese, Sour Cream, Guacamole, Lettuce]]",10.98
2675,1063,1,Steak Burrito,"[Tomatillo Green Chili Salsa, [Rice, Sour Cream, Guacamole, Lettuce]]",11.75
2677,1064,1,Steak Bowl,"[Fresh Tomato Salsa, [Rice, Black Beans, Guacamole, Lettuce]]",11.75
2690,1069,1,Chicken Burrito,"[Fresh Tomato Salsa, [Rice, Sour Cream, Guacamole]]",11.25
2692,1070,1,Chicken Burrito,"[Fresh Tomato Salsa, [Sour Cream, Cheese, Guacamole, Rice]]",11.25
2710,1075,1,Chicken Bowl,"[Tomatillo Red Chili Salsa, [Rice, Black Beans, Sour Cream, Cheese, Lettuce, Guacamole]]",11.25
2711,1076,1,Steak Bowl,"[Roasted Chili Corn Salsa, [Rice, Pinto Beans, Sour Cream, Cheese, Guacamole]]",11.75
2718,1079,1,Barbacoa Burrito,"[Fresh Tomato Salsa, [Fajita Vegetables, Rice, Black Beans, Cheese, Guacamole, Lettuce]]",11.75
2720,1080,1,Steak Burrito,"[Roasted Chili Corn Salsa, [Rice, Cheese, Sour Cream, Guacamole, Lettuce]]",11.75
2725,1082,1,Carnitas Bowl,"[Fresh Tomato Salsa, [Rice, Black Beans, Pinto Beans, Cheese, Sour Cream, Guacamole, Lettuce]]",11.75
2727,1082,1,Chicken Burrito,"[Roasted Chili Corn Salsa, [Fajita Vegetables, Rice, Black Beans, Pinto Beans, Guacamole, Lettuce]]",11.25
2735,1086,1,Chicken Burrito,"[Tomatillo Green Chili Salsa, [Rice, Black Beans, Pinto Beans, Cheese, Guacamole, Lettuce]]",11.25
2737,1087,1,Chicken Burrito,"[Tomatillo Green Chili Salsa, [Rice, Pinto Beans, Cheese, Sour Cream, Guacamole, Lettuce]]",11.25
2740,1088,1,Steak Salad Bowl,"[Fresh Tomato Salsa, [Fajita Vegetables, Black Beans, Cheese, Sour Cream, Guacamole]]",11.89
2741,1088,1,Chicken Bowl,"[Fresh Tomato Salsa, [Pinto Beans, Cheese, Guacamole]]",11.25
2749,1091,1,Barbacoa Bowl,"[Fresh Tomato Salsa, [Rice, Black Beans, Cheese, Sour Cream, Guacamole, Lettuce]]",11.75
2752,1092,1,Chicken Burrito,"[Roasted Chili Corn Salsa, [Rice, Pinto Beans, Sour Cream, Cheese, Guacamole]]",11.25
2760,1096,1,Chicken Bowl,"[Fresh Tomato Salsa (Mild), [Pinto Beans, Rice, Cheese, Sour Cream, Guacamole, Lettuce]]",10.98
2762,1097,1,Barbacoa Bowl,"[Tomatillo Red Chili Salsa, [Rice, Fajita Vegetables, Black Beans, Sour Cream, Cheese, Lettuce, Guacamole]]",11.75
2767,1098,1,Steak Burrito,"[Fresh Tomato Salsa (Mild), [Rice, Fajita Veggies, Cheese, Guacamole]]",11.48
2773,1101,1,Veggie Bowl,"[[Fresh Tomato Salsa (Mild), Tomatillo-Red Chili Salsa (Hot)], [Black Beans, Rice, Fajita Veggies, Cheese, Sour Cream, Guacamole, Lettuce]]",10.98
2781,1104,1,Chicken Bowl,"[Fresh Tomato Salsa, [Cheese, Guacamole, Sour Cream, Fajita Vegetables, Rice]]",11.25
2787,1106,1,Barbacoa Crispy Tacos,"[Roasted Chili Corn Salsa, [Rice, Cheese, Lettuce, Guacamole]]",11.75
2795,1110,1,Veggie Bowl,"[Roasted Chili Corn Salsa, [Fajita Vegetables, Rice, Black Beans, Cheese, Guacamole, Lettuce]]",11.25
2797,1111,1,Chicken Burrito,"[Tomatillo-Red Chili Salsa (Hot), [Pinto Beans, Rice, Cheese, Sour Cream, Guacamole]]",10.98
2803,1113,1,Veggie Bowl,"[Fresh Tomato Salsa, [Fajita Vegetables, Rice, Black Beans, Guacamole, Lettuce]]",11.25
2804,1114,1,Steak Salad Bowl,"[Tomatillo Red Chili Salsa, [Rice, Black Beans, Cheese, Sour Cream, Guacamole, Lettuce]]",11.89
2812,1116,1,Steak Crispy Tacos,"[Roasted Chili Corn Salsa, [Sour Cream, Cheese, Lettuce, Guacamole]]",11.75
2854,1134,1,Chicken Soft Tacos,"[Roasted Chili Corn Salsa, [Rice, Fajita Vegetables, Lettuce, Guacamole]]",11.25
2863,1138,1,Chicken Salad Bowl,"[Roasted Chili Corn Salsa, [Fajita Vegetables, Rice, Guacamole, Lettuce]]",11.25
2864,1138,1,Chicken Bowl,"[Fresh Tomato Salsa, [Fajita Vegetables, Rice, Sour Cream, Guacamole, Lettuce]]",11.25
2865,1139,1,Chicken Burrito,"[Fresh Tomato Salsa, [Fajita Vegetables, Rice, Black Beans, Pinto Beans, Guacamole, Lettuce]]",11.25
2874,1142,2,Steak Crispy Tacos,"[Tomatillo-Red Chili Salsa (Hot), [Pinto Beans, Cheese, Sour Cream, Lettuce]]",17.98
2884,1146,1,Carnitas Burrito,"[Fresh Tomato (Mild), [Lettuce, Black Beans, Guacamole, Rice, Sour Cream, Cheese]]",11.08
2889,1149,1,Chicken Burrito,"[Tomatillo-Red Chili Salsa (Hot), [Pinto Beans, Rice, Cheese, Guacamole]]",10.98
2892,1150,1,Steak Bowl,"[Roasted Chili Corn Salsa, [Pinto Beans, Rice, Cheese, Sour Cream, Guacamole]]",11.75
2894,1151,1,Steak Burrito,"[Fresh Tomato Salsa, [Sour Cream, Rice, Guacamole, Lettuce]]",11.75
2898,1153,1,Carnitas Soft Tacos,"[Tomatillo Red Chili Salsa, [Rice, Black Beans, Cheese, Sour Cream, Guacamole, Lettuce]]",11.75
2901,1154,1,Chicken Burrito,"[Fresh Tomato Salsa, [Fajita Vegetables, Rice, Pinto Beans, Cheese, Sour Cream, Guacamole, Lettuce]]",11.25
2903,1155,1,Veggie Bowl,"[Fresh Tomato Salsa, [Rice, Black Beans, Cheese, Sour Cream, Guacamole, Lettuce]]",11.25
2911,1157,1,Veggie Burrito,"[Fresh Tomato Salsa, [Fajita Vegetables, Rice, Black Beans, Guacamole, Lettuce]]",11.25
2914,1158,1,Carnitas Bowl,"[Fresh Tomato Salsa, [Rice, Fajita Vegetables, Black Beans, Lettuce, Guacamole]]",11.75
2915,1159,1,Chicken Bowl,"[Fresh Tomato Salsa, [Fajita Vegetables, Rice, Pinto Beans, Cheese, Sour Cream, Guacamole, Lettuce]]",11.25
2919,1160,1,Chicken Bowl,"[Fresh Tomato (Mild), [Guacamole, Rice]]",10.58
2924,1163,1,Chicken Burrito,"[Tomatillo Green Chili Salsa, [Black Beans, Cheese, Guacamole, Lettuce]]",11.25
2931,1166,1,Chicken Bowl,"[Roasted Chili Corn Salsa, [Rice, Cheese, Sour Cream, Guacamole, Lettuce]]",11.25
2938,1168,1,Chicken Salad Bowl,"[Fresh Tomato Salsa, [Fajita Vegetables, Black Beans, Cheese, Sour Cream, Guacamole, Lettuce]]",11.25
2939,1168,1,Veggie Bowl,"[Fresh Tomato Salsa, [Fajita Vegetables, Rice, Cheese, Sour Cream, Guacamole, Lettuce]]",11.25
2941,1169,1,Steak Bowl,"[Roasted Chili Corn Salsa, [Rice, Cheese, Sour Cream, Guacamole, Lettuce]]",11.75
2942,1170,2,Chicken Bowl,"[Tomatillo-Green Chili Salsa (Medium), [Black Beans, Rice, Fajita Veggies, Cheese, Sour Cream, Guacamole, Lettuce]]",21.96
2947,1171,1,Chicken Burrito,"[Fresh Tomato Salsa, [Rice, Sour Cream, Cheese, Guacamole]]",11.25
2953,1174,2,Chicken Burrito,"[Fresh Tomato Salsa, [Cheese, Rice, Black Beans, Lettuce]]",17.5
2954,1175,2,Steak Burrito,"[[Tomatillo-Green Chili Salsa (Medium), Roasted Chili Corn Salsa (Medium), Tomatillo-Red Chili Salsa (Hot)], [Black Beans, Rice, Cheese, Sour Cream, Guacamole, Lettuce]]",22.96
2956,1176,1,Chicken Bowl,"[Roasted Chili Corn Salsa, [Fajita Vegetables, Rice, Black Beans, Cheese, Guacamole, Lettuce]]",11.25
2957,1176,1,Steak Salad Bowl,"[Fresh Tomato Salsa, [Black Beans, Cheese, Guacamole, Lettuce]]",11.89
2958,1176,1,Chicken Bowl,"[Fresh Tomato Salsa, [Rice, Black Beans, Guacamole]]",11.25
2986,1188,1,Barbacoa Burrito,"[Tomatillo Red Chili Salsa, [Rice, Fajita Vegetables, Sour Cream, Cheese, Lettuce, Guacamole]]",11.75
2988,1189,1,Chicken Salad Bowl,"[Fresh Tomato Salsa, [Fajita Vegetables, Guacamole]]",11.25
2993,1191,1,Steak Burrito,"[Tomatillo Green Chili Salsa, [Rice, Pinto Beans, Cheese, Sour Cream, Guacamole]]",11.75
2994,1191,1,Steak Burrito,"[Fresh Tomato Salsa, [Pinto Beans, Cheese, Sour Cream, Guacamole]]",11.75
3002,1193,1,Steak Bowl,"[Fresh Tomato Salsa, [Rice, Black Beans, Cheese, Guacamole, Lettuce]]",11.75
3016,1199,1,Steak Bowl,"[Tomatillo-Red Chili Salsa (Hot), [Rice, Cheese, Sour Cream, Guacamole]]",11.48
3017,1200,1,Barbacoa Bowl,"[Fresh Tomato Salsa, [Fajita Vegetables, Rice, Black Beans, Cheese, Guacamole, Lettuce]]",11.75
3025,1203,1,Barbacoa Bowl,"[Roasted Chili Corn Salsa, [Fajita Vegetables, Rice, Guacamole]]",11.75
3031,1206,1,Barbacoa Burrito,"[Roasted Chili Corn Salsa, [Rice, Pinto Beans, Cheese, Guacamole]]",11.75
3037,1208,1,Veggie Burrito,"[Fresh Tomato Salsa, [Fajita Vegetables, Rice, Black Beans, Cheese, Guacamole, Lettuce]]",11.25
3038,1209,1,Chicken Bowl,"[Fresh Tomato Salsa, [Fajita Vegetables, Rice, Black Beans, Guacamole, Lettuce]]",11.25
3072,1223,1,Chicken Crispy Tacos,"[Fresh Tomato Salsa, [Fajita Vegetables, Black Beans, Cheese, Guacamole, Lettuce]]",11.25
3073,1224,1,Chicken Bowl,"[Tomatillo Green Chili Salsa, [Rice, Black Beans, Cheese, Sour Cream, Guacamole, Lettuce]]",11.25
3082,1228,1,Veggie Bowl,"[Roasted Chili Corn Salsa, [Fajita Vegetables, Rice, Black Beans, Guacamole, Lettuce]]",11.25
3093,1232,1,Chicken Bowl,"[Tomatillo Red Chili Salsa, [Sour Cream, Cheese, Guacamole, Lettuce, Black Beans, Rice]]",11.25
3094,1233,1,Steak Burrito,"[Tomatillo-Red Chili Salsa (Hot), [Black Beans, Rice, Cheese, Sour Cream, Guacamole, Lettuce]]",11.48
3095,1234,1,Veggie Bowl,"[Tomatillo Green Chili Salsa, [Fajita Vegetables, Rice, Cheese, Guacamole, Lettuce]]",11.25
3103,1238,1,Carnitas Bowl,"[Roasted Chili Corn Salsa (Medium), [Pinto Beans, Rice, Cheese, Guacamole, Lettuce]]",11.48
3105,1239,1,Steak Soft Tacos,"[[Fresh Tomato Salsa (Mild), Tomatillo-Green Chili Salsa (Medium)], [Rice, Fajita Veggies, Cheese, Guacamole, Lettuce]]",11.48
3120,1244,1,Steak Salad Bowl,"[Roasted Chili Corn Salsa, [Fajita Vegetables, Rice, Pinto Beans, Cheese, Sour Cream, Guacamole, Lettuce]]",11.89
3133,1249,2,Chicken Bowl,"[[Fresh Tomato Salsa (Mild), Roasted Chili Corn Salsa (Medium)], [Fajita Veggies, Rice]]",16.98
3134,1250,2,Steak Burrito,"[Tomatillo Red Chili Salsa, [Cheese, Black Beans, Rice, Lettuce, Sour Cream]]",18.5
3140,1252,1,Steak Burrito,"[Fresh Tomato (Mild), [Black Beans, Guacamole, Rice, Sour Cream, Cheese]]",11.08
3146,1255,1,Veggie Bowl,"[Tomatillo Green Chili Salsa, [Rice, Black Beans, Cheese, Guacamole]]",11.25
3148,1255,1,Veggie Bowl,"[Fresh Tomato Salsa, [Fajita Vegetables, Rice, Black Beans, Guacamole]]",11.25
3151,1257,2,Chicken Bowl,"[Tomatillo-Red Chili Salsa (Hot), [Pinto Beans, Rice, Fajita Veggies, Cheese, Sour Cream, Guacamole]]",21.96
3167,1265,2,Chicken Salad Bowl,"[Fresh Tomato Salsa, [Pinto Beans, Cheese, Lettuce]]",17.5
3174,1269,1,Chicken Bowl,"[Roasted Chili Corn Salsa, [Rice, Fajita Vegetables, Lettuce, Pinto Beans, Black Beans, Guacamole, Cheese]]",11.25
3175,1269,1,Chicken Salad Bowl,"[Fresh Tomato Salsa, [Pinto Beans, Cheese, Sour Cream, Guacamole, Fajita Vegetables, Rice, Black Beans, Lettuce]]",11.25
3184,1273,1,Barbacoa Soft Tacos,"[Tomatillo-Red Chili Salsa (Hot), [Rice, Cheese, Guacamole]]",11.48
3192,1276,1,Chicken Crispy Tacos,"[Roasted Chili Corn Salsa, [Rice, Sour Cream, Cheese, Guacamole]]",11.25
3197,1279,1,Steak Burrito,"[Fresh Tomato Salsa, [Guacamole, Lettuce, Sour Cream, Rice]]",11.75
3204,1282,1,Steak Burrito,"[Fresh Tomato Salsa (Mild), [Rice, Fajita Veggies, Cheese, Sour Cream, Guacamole]]",11.48
3208,1283,1,Barbacoa Salad Bowl,"[Tomatillo Red Chili Salsa, [Black Beans, Cheese, Sour Cream, Guacamole]]",11.89
3211,1284,1,Barbacoa Soft Tacos,"[Roasted Chili Corn Salsa, [Rice, Black Beans, Cheese, Sour Cream, Guacamole, Lettuce]]",11.75
3229,1292,1,Chicken Bowl,"[Fresh Tomato Salsa, [Guacamole, Cheese, Rice, Sour Cream, Fajita Vegetables]]",11.25
3236,1295,2,Chicken Burrito,"[Fresh Tomato Salsa, [Sour Cream, Cheese, Pinto Beans, Rice]]",17.5
3237,1296,1,Steak Burrito,"[Fresh Tomato Salsa, [Black Beans, Cheese, Guacamole, Lettuce]]",11.75
3238,1296,1,Steak Bowl,"[Roasted Chili Corn Salsa, [Fajita Vegetables, Rice, Black Beans, Cheese, Sour Cream, Guacamole, Lettuce]]",11.75
3240,1297,1,Chicken Crispy Tacos,"[Roasted Chili Corn Salsa, [Sour Cream, Cheese, Lettuce, Guacamole]]",11.25
3249,1301,1,Chicken Bowl,"[Roasted Chili Corn Salsa, [Rice, Black Beans, Sour Cream, Cheese, Lettuce, Guacamole]]",11.25
3251,1302,1,Steak Burrito,"[Fresh Tomato (Mild), [Lettuce, Guacamole, Pinto Beans, Rice, Sour Cream, Cheese]]",11.08
3255,1304,1,Chicken Burrito,"[Fresh Tomato Salsa, [Rice, Cheese, Guacamole, Lettuce]]",11.25
3256,1304,1,Chicken Burrito,"[Fresh Tomato Salsa, [Rice, Pinto Beans, Cheese, Sour Cream, Guacamole]]",11.25
3273,1311,1,Steak Burrito,"[Tomatillo-Red Chili Salsa (Hot), [Guacamole, Lettuce, Sour Cream, Rice, Cheese, Black Beans]]",11.48
3276,1313,1,Barbacoa Burrito,"[Fresh Tomato Salsa (Mild), [Black Beans, Rice, Cheese, Sour Cream, Guacamole, Lettuce]]",11.48
3282,1316,1,Chicken Bowl,"[Tomatillo Green Chili Salsa, [Rice, Black Beans, Guacamole, Lettuce]]",11.25
3283,1317,1,Chicken Bowl,"[Fresh Tomato Salsa, [Lettuce, Fajita Vegetables, Guacamole, Rice, Black Beans]]",11.25
3296,1322,1,Chicken Burrito,"[Fresh Tomato Salsa, [Rice, Guacamole, Cheese, Sour Cream]]",11.25
3313,1328,1,Steak Burrito,"[Fresh Tomato Salsa, [Rice, Cheese, Sour Cream, Guacamole]]",11.75
3324,1331,1,Chicken Crispy Tacos,"[Roasted Chili Corn Salsa, [Fajita Vegetables, Sour Cream, Cheese, Lettuce, Guacamole]]",11.25
3331,1334,2,Chicken Burrito,"[Tomatillo-Green Chili Salsa (Medium), [Pinto Beans, Rice, Fajita Veggies, Cheese, Sour Cream, Guacamole, Lettuce]]",21.96
3334,1336,3,Steak Bowl,"[Tomatillo Green Chili (Medium), [Rice, Black Beans, Sour Cream, Cheese]]",26.07
3335,1337,1,Steak Bowl,"[Fresh Tomato Salsa, [Cheese, Black Beans, Pinto Beans, Guacamole, Sour Cream]]",11.75
3339,1339,1,Steak Burrito,"[[Fresh Tomato Salsa (Mild), Tomatillo-Red Chili Salsa (Hot)], [Rice, Cheese, Sour Cream, Guacamole, Lettuce]]",11.48
3350,1343,1,Steak Salad Bowl,"[Fresh Tomato Salsa, [Cheese, Guacamole, Lettuce]]",11.89
3354,1345,2,Steak Bowl,"[Fresh Tomato Salsa, [Rice, Black Beans, Cheese]]",18.5
3365,1350,1,Chicken Bowl,"[Roasted Chili Corn Salsa, [Rice, Pinto Beans, Cheese, Sour Cream, Guacamole]]",11.25
3375,1355,2,Chicken Burrito,"[Roasted Chili Corn Salsa (Medium), [Black Beans, Rice, Cheese, Sour Cream]]",16.98
3378,1356,1,Steak Burrito,"[Fresh Tomato Salsa, [Fajita Vegetables, Rice, Black Beans, Cheese, Guacamole]]",11.75
3380,1357,1,Chicken Salad Bowl,"[Fresh Tomato Salsa, [Cheese, Guacamole, Lettuce]]",11.25
3389,1360,2,6 Pack Soft Drink,[Diet Coke],12.98
3391,1360,1,Barbacoa Burrito,"[Roasted Chili Corn Salsa, [Fajita Vegetables, Rice, Cheese, Sour Cream, Guacamole, Lettuce]]",11.75
3395,1362,1,Chicken Bowl,"[Roasted Chili Corn Salsa (Medium), [Pinto Beans, Black Beans, Rice, Cheese, Sour Cream, Guacamole]]",10.98
3410,1368,1,Chicken Salad Bowl,"[Fresh Tomato Salsa, [Fajita Vegetables, Pinto Beans, Guacamole, Lettuce]]",11.25
3423,1374,2,Chicken Bowl,"[Fresh Tomato Salsa, [Rice, Cheese, Sour Cream, Lettuce]]",17.5
3439,1381,1,Steak Crispy Tacos,"[Roasted Chili Corn Salsa, [Fajita Vegetables, Sour Cream, Cheese, Lettuce, Guacamole]]",11.75
3440,1382,1,Chicken Bowl,"[Roasted Chili Corn Salsa, [Black Beans, Cheese, Guacamole]]",11.25
3442,1383,1,Chicken Salad Bowl,"[Fresh Tomato Salsa, [Fajita Vegetables, Black Beans, Guacamole, Lettuce]]",11.25
3448,1386,1,Steak Bowl,"[Fresh Tomato Salsa, [Rice, Black Beans, Cheese, Guacamole]]",11.75
3451,1388,1,Chicken Bowl,"[Fresh Tomato Salsa, [Rice, Pinto Beans, Cheese, Guacamole, Lettuce]]",11.25
3464,1392,1,Chicken Bowl,"[Fresh Tomato Salsa, [Rice, Cheese, Guacamole, Lettuce]]",11.25
3478,1397,1,Veggie Burrito,"[Fresh Tomato Salsa, [Fajita Vegetables, Rice, Black Beans, Cheese, Sour Cream, Guacamole, Lettuce]]",11.25
3484,1400,1,Chicken Bowl,"[Fresh Tomato Salsa, [Guacamole, Sour Cream, Cheese, Rice, Fajita Vegetables]]",11.25
3493,1403,1,Steak Salad Bowl,"[Roasted Chili Corn Salsa, [Fajita Vegetables, Rice, Cheese, Guacamole, Lettuce]]",11.89
3505,1408,1,Chicken Bowl,"[Fresh Tomato Salsa (Mild), [Black Beans, Rice, Guacamole, Lettuce]]",10.98
3509,1411,1,Chicken Bowl,"[[Roasted Chili Corn Salsa (Medium), Fresh Tomato Salsa (Mild)], [Rice, Black Beans, Fajita Veggies, Guacamole]]",10.98
3512,1412,1,Barbacoa Burrito,"[Tomatillo Red Chili Salsa, [Rice, Black Beans, Cheese, Guacamole]]",11.75
3520,1415,1,Chicken Burrito,"[Fresh Tomato (Mild), [Guacamole, Rice, Sour Cream, Cheese]]",10.58
3528,1418,1,Chicken Burrito,"[Fresh Tomato Salsa, [Rice, Sour Cream, Cheese, Lettuce, Guacamole]]",11.25
3546,1426,1,Barbacoa Salad Bowl,"[Fresh Tomato Salsa, Guacamole]",11.89
3547,1426,1,Barbacoa Bowl,"[Fresh Tomato Salsa, [Rice, Cheese, Sour Cream, Guacamole, Lettuce]]",11.75
3548,1426,1,Barbacoa Soft Tacos,"[Tomatillo Red Chili Salsa, [Fajita Vegetables, Guacamole, Lettuce]]",11.75
3557,1429,1,Chicken Burrito,"[Tomatillo-Red Chili Salsa (Hot), [Rice, Cheese, Sour Cream, Guacamole]]",10.98
3574,1434,1,Chicken Burrito,"[Roasted Chili Corn Salsa (Medium), [Black Beans, Fajita Veggies, Cheese, Sour Cream, Guacamole]]",10.98
3578,1435,1,Chicken Salad Bowl,"[Roasted Chili Corn Salsa, [Rice, Fajita Vegetables, Black Beans, Cheese, Lettuce, Guacamole]]",11.25
3599,1443,7,Bottled Water,,10.5
3603,1443,3,Steak Burrito,"[Fresh Tomato Salsa, [Rice, Black Beans, Cheese, Sour Cream]]",27.75
3605,1444,1,Chicken Bowl,"[Roasted Chili Corn Salsa, [Rice, Pinto Beans, Sour Cream, Cheese, Guacamole]]",11.25
3612,1447,2,Chicken Bowl,"[Tomatillo-Red Chili Salsa (Hot), [Cheese, Sour Cream, Fajita Veggies, Pinto Beans, Rice]]",16.98
3615,1449,2,Chicken Burrito,"[Fresh Tomato Salsa (Mild), [Black Beans, Rice, Fajita Veggies, Cheese]]",16.98
3616,1449,2,Steak Burrito,"[Fresh Tomato Salsa (Mild), [Black Beans, Rice, Fajita Veggies, Cheese]]",17.98
3617,1449,2,Veggie Bowl,"[Fresh Tomato Salsa (Mild), [Black Beans, Rice, Fajita Veggies, Cheese, Lettuce]]",16.98
3618,1449,2,Chicken Bowl,"[Fresh Tomato Salsa (Mild), [Black Beans, Rice, Fajita Veggies, Cheese]]",16.98
3634,1454,3,Chicken Burrito,[Fresh Tomato Salsa],26.25
3640,1455,1,Chicken Salad Bowl,"[Fresh Tomato Salsa, [Fajita Vegetables, Guacamole, Lettuce]]",11.25
3643,1456,1,Steak Burrito,"[Tomatillo Green Chili Salsa, [Rice, Black Beans, Pinto Beans, Cheese, Sour Cream, Guacamole, Lettuce]]",11.75
3647,1458,1,Chicken Bowl,"[Fresh Tomato Salsa, [Rice, Cheese, Sour Cream, Guacamole, Fajita Vegetables]]",11.25
3654,1461,1,Chicken Bowl,"[Tomatillo Red Chili Salsa, [Rice, Cheese, Sour Cream, Guacamole]]",11.25
3658,1462,2,Chicken Soft Tacos,"[[Tomatillo-Green Chili Salsa (Medium), Fresh Tomato Salsa (Mild)], [Cheese, Sour Cream, Guacamole]]",21.96
3673,1470,1,Chicken Bowl,"[[Tomatillo-Green Chili Salsa (Medium), Tomatillo-Red Chili Salsa (Hot)], [Pinto Beans, Rice, Fajita Veggies, Cheese, Sour Cream, Guacamole]]",10.98
3675,1472,1,Chicken Bowl,"[Fresh Tomato Salsa, [Fajita Vegetables, Rice, Black Beans, Sour Cream, Guacamole, Lettuce]]",11.25
3678,1473,1,Steak Burrito,"[Fresh Tomato Salsa, [Cheese, Sour Cream, Guacamole, Lettuce]]",11.75
3681,1474,1,Chicken Salad Bowl,"[Roasted Chili Corn Salsa, [Rice, Guacamole]]",11.25
3687,1477,1,Chicken Salad Bowl,"[Fresh Tomato Salsa, [Black Beans, Guacamole]]",11.25
3689,1478,2,Chicken Burrito,"[Roasted Chili Corn Salsa (Medium), [Sour Cream, Cheese, Black Beans, Rice]]",16.98
3692,1480,1,Chicken Burrito,"[Roasted Chili Corn Salsa, [Guacamole, Lettuce, Rice, Fajita Vegetables, Sour Cream]]",11.25
3694,1480,1,Steak Crispy Tacos,"[Tomatillo Green Chili Salsa, [Cheese, Sour Cream, Guacamole]]",11.75
3701,1483,1,Steak Bowl,"[Roasted Chili Corn Salsa, [Fajita Vegetables, Black Beans, Cheese, Sour Cream, Guacamole, Lettuce]]",11.75
3704,1483,1,Steak Burrito,"[Roasted Chili Corn Salsa, [Rice, Black Beans, Cheese, Sour Cream, Guacamole, Lettuce]]",11.75
3710,1483,1,Steak Soft Tacos,"[Fresh Tomato Salsa, Guacamole]",11.75
3720,1486,1,Chicken Bowl,"[Fresh Tomato Salsa, [Guacamole, Lettuce, Rice, Cheese, Sour Cream, Black Beans]]",11.25
3738,1493,1,Steak Bowl,"[Fresh Tomato Salsa, [Rice, Black Beans, Pinto Beans, Cheese, Sour Cream, Guacamole, Lettuce]]",11.75
3742,1496,1,Chicken Bowl,"[Fresh Tomato Salsa (Mild), [Black Beans, Rice, Fajita Veggies, Guacamole, Lettuce]]",10.98
3749,1499,1,Carnitas Salad Bowl,"[Roasted Chili Corn Salsa, [Fajita Vegetables, Rice, Pinto Beans, Cheese, Sour Cream, Guacamole, Lettuce]]",11.89
3754,1502,2,Steak Bowl,"[Tomatillo Red Chili Salsa, [Fajita Vegetables, Rice, Black Beans, Cheese, Sour Cream, Guacamole, Lettuce]]",23.5
3767,1509,2,Chicken Burrito,"[Tomatillo Red Chili Salsa, [Rice, Black Beans, Cheese]]",17.5
3779,1513,1,Chicken Burrito,"[Tomatillo Red Chili Salsa, [Rice, Fajita Vegetables, Black Beans, Sour Cream, Cheese, Lettuce, Guacamole]]",11.25
3792,1518,1,Carnitas Bowl,"[Fresh Tomato Salsa (Mild), [Fajita Veggies, Cheese, Sour Cream, Guacamole]]",11.48
3799,1522,1,Steak Burrito,"[Fresh Tomato Salsa, [Fajita Vegetables, Rice, Black Beans, Guacamole, Lettuce]]",11.75
3800,1522,1,Chicken Salad Bowl,"[Fresh Tomato Salsa, [Fajita Vegetables, Rice, Sour Cream, Guacamole]]",11.25
3807,1526,1,Steak Burrito,"[Tomatillo Red Chili Salsa, [Fajita Vegetables, Rice, Black Beans, Cheese, Sour Cream, Guacamole, Lettuce]]",11.75
3818,1531,1,Steak Burrito,"[Fresh Tomato Salsa, [Rice, Cheese, Guacamole, Lettuce]]",11.75
3823,1533,2,Chicken Burrito,"[[Lettuce, Rice]]",16.38
3839,1538,1,Chicken Bowl,"[Roasted Chili Corn Salsa, [Rice, Black Beans, Cheese, Guacamole, Lettuce]]",11.25
3843,1540,2,Chicken Bowl,"[Tomatillo-Red Chili Salsa (Hot), [Rice, Pinto Beans, Fajita Veggies, Cheese, Sour Cream, Guacamole]]",21.96
3852,1544,1,Chicken Burrito,"[Fresh Tomato Salsa, [Rice, Black Beans, Cheese, Lettuce, Guacamole]]",11.25
3856,1546,1,Steak Bowl,"[Fresh Tomato Salsa, [Rice, Sour Cream, Cheese, Lettuce, Guacamole]]",11.75
3861,1548,2,Steak Burrito,"[Fresh Tomato Salsa, [Fajita Vegetables, Rice, Pinto Beans, Cheese, Sour Cream, Lettuce]]",18.5
3865,1550,1,Steak Bowl,"[Roasted Chili Corn Salsa (Medium), [Rice, Fajita Veggies, Cheese, Sour Cream, Guacamole, Lettuce]]",11.48
3872,1553,1,Steak Burrito,"[Roasted Chili Corn Salsa, [Pinto Beans, Rice, Guacamole, Sour Cream, Cheese]]",11.75
3877,1554,1,Veggie Bowl,"[Fresh Tomato Salsa, [Fajita Vegetables, Rice, Black Beans, Pinto Beans, Cheese, Sour Cream, Guacamole, Lettuce]]",11.25
3887,1559,8,Side of Chips,,13.52
3888,1559,2,Chicken Soft Tacos,"[Fresh Tomato Salsa (Mild), [Pinto Beans, Rice, Cheese, Lettuce]]",16.98
3889,1559,2,Veggie Soft Tacos,"[Fresh Tomato Salsa (Mild), [Black Beans, Rice, Cheese, Lettuce]]",16.98
3890,1559,2,Carnitas Crispy Tacos,"[Fresh Tomato Salsa (Mild), [Cheese, Lettuce]]",17.98
3891,1559,2,Chicken Crispy Tacos,"[Fresh Tomato Salsa (Mild), [Rice, Cheese, Sour Cream, Lettuce]]",16.98
3908,1567,1,Chicken Bowl,"[[Tomatillo-Green Chili Salsa (Medium), Roasted Chili Corn Salsa (Medium)], [Rice, Fajita Veggies, Guacamole, Lettuce]]",10.98
3915,1571,1,Chicken Bowl,"[Fresh Tomato Salsa, [Rice, Fajita Vegetables, Pinto Beans, Cheese, Lettuce, Guacamole]]",11.25
3918,1572,2,Chicken Burrito,"[Tomatillo Red Chili Salsa, [Cheese, Black Beans, Rice]]",17.5
3931,1577,1,Chicken Bowl,"[Fresh Tomato Salsa, [Rice, Black Beans, Cheese, Lettuce, Guacamole]]",11.25
3948,1583,1,Chicken Burrito,"[Fresh Tomato Salsa, [Fajita Vegetables, Rice, Black Beans, Cheese, Sour Cream, Guacamole, Lettuce]]",11.25
3957,1586,1,Chicken Burrito,"[Tomatillo Red Chili Salsa, [Fajita Vegetables, Rice, Pinto Beans, Guacamole, Lettuce]]",11.25
3961,1587,1,Chicken Burrito,"[Roasted Chili Corn Salsa, [Rice, Black Beans, Guacamole]]",11.25
3970,1591,2,Steak Burrito,"[Fresh Tomato Salsa, [Lettuce, Sour Cream, Cheese, Fajita Vegetables, Pinto Beans, Rice]]",18.5
4032,1613,1,Steak Bowl,"[Tomatillo Red Chili Salsa, [Rice, Fajita Vegetables, Cheese, Lettuce, Guacamole]]",11.75
4033,1614,1,Steak Burrito,"[Roasted Chili Corn Salsa, [Fajita Vegetables, Rice, Black Beans, Cheese, Guacamole, Lettuce]]",11.75
4046,1619,1,Barbacoa Bowl,"[Tomatillo Green Chili Salsa, [Fajita Vegetables, Rice, Black Beans, Pinto Beans, Guacamole]]",11.75
4058,1625,1,Chicken Bowl,"[Roasted Chili Corn Salsa, [Rice, Black Beans, Guacamole, Lettuce]]",11.25
4082,1634,2,Steak Bowl,"[Fresh Tomato Salsa, [Rice, Pinto Beans, Cheese, Sour Cream, Lettuce]]",18.5
4085,1636,1,Chicken Salad Bowl,"[Fresh Tomato Salsa, [Rice, Guacamole]]",11.25
4109,1646,1,Veggie Salad Bowl,"[Tomatillo Red Chili Salsa, [Fajita Vegetables, Rice, Black Beans, Cheese, Guacamole, Lettuce]]",11.25
4141,1657,1,Carnitas Burrito,"[Tomatillo Green Chili Salsa, [Fajita Vegetables, Rice, Black Beans, Guacamole, Lettuce]]",11.75
4147,1659,1,Carnitas Soft Tacos,"[Roasted Chili Corn Salsa, [Fajita Vegetables, Rice, Cheese, Sour Cream, Guacamole]]",11.75
4175,1667,1,Chicken Burrito,"[Tomatillo Red Chili Salsa, [Fajita Vegetables, Rice, Black Beans, Sour Cream, Guacamole]]",11.25
4192,1673,1,Chicken Bowl,"[Fresh Tomato Salsa, [Rice, Black Beans, Lettuce, Guacamole]]",11.25
4201,1677,1,Veggie Salad Bowl,"[Fresh Tomato Salsa, [Fajita Vegetables, Black Beans, Guacamole]]",11.25
4210,1680,1,Steak Bowl,"[Fresh Tomato Salsa, [Black Beans, Cheese, Sour Cream, Guacamole, Lettuce]]",11.75
4212,1681,1,Chicken Burrito,"[Fresh Tomato Salsa, [Rice, Black Beans, Pinto Beans, Cheese, Guacamole, Lettuce]]",11.25
4220,1684,1,Steak Bowl,"[Tomatillo Red Chili Salsa, [Rice, Pinto Beans, Guacamole, Lettuce]]",11.75
4228,1688,1,Steak Bowl,"[Tomatillo Green Chili Salsa, [Rice, Pinto Beans, Cheese, Guacamole]]",11.75
4238,1692,1,Chicken Salad Bowl,"[Tomatillo Green Chili Salsa, [Black Beans, Sour Cream, Cheese, Guacamole]]",11.25
4239,1692,1,Carnitas Salad Bowl,"[Tomatillo Green Chili Salsa, [Black Beans, Cheese, Guacamole]]",11.89
4246,1695,1,Steak Burrito,"[Tomatillo Red Chili Salsa, [Rice, Fajita Vegetables, Cheese, Lettuce, Guacamole]]",11.75
4252,1696,1,Chicken Burrito,"[Tomatillo Red Chili Salsa, [Fajita Vegetables, Rice, Black Beans, Cheese, Sour Cream, Guacamole, Lettuce]]",11.25
4261,1700,1,Veggie Salad Bowl,"[Fresh Tomato Salsa, [Fajita Vegetables, Rice, Guacamole]]",11.25
4262,1700,1,Steak Burrito,"[Fresh Tomato Salsa, [Rice, Black Beans, Cheese, Guacamole, Lettuce]]",11.75
4278,1706,1,Veggie Burrito,"[Fresh Tomato Salsa, [Fajita Vegetables, Rice, Black Beans, Pinto Beans, Cheese, Sour Cream, Guacamole]]",11.25
4282,1708,1,Veggie Bowl,"[Tomatillo Red Chili Salsa, [Rice, Black Beans, Sour Cream, Guacamole, Lettuce]]",11.25
4288,1710,1,Barbacoa Burrito,"[Tomatillo Red Chili Salsa, [Rice, Cheese, Guacamole]]",11.75
4294,1713,1,Chicken Bowl,"[Roasted Chili Corn Salsa, [Fajita Vegetables, Rice, Black Beans, Cheese, Guacamole]]",11.25
4303,1716,1,Steak Bowl,"[Roasted Chili Corn Salsa, [Rice, Black Beans, Cheese, Guacamole, Lettuce]]",11.75
4305,1717,1,Chicken Bowl,"[Fresh Tomato Salsa, [Fajita Vegetables, Black Beans, Pinto Beans, Guacamole, Lettuce]]",11.25
4307,1718,2,Steak Bowl,"[Fresh Tomato Salsa, [Fajita Vegetables, Sour Cream, Cheese, Lettuce, Guacamole]]",23.5
4310,1719,2,Steak Burrito,"[Tomatillo Red Chili Salsa, [Rice, Black Beans, Cheese, Lettuce, Sour Cream]]",18.5
4313,1720,1,Steak Salad Bowl,"[Roasted Chili Corn Salsa, [Fajita Vegetables, Rice, Black Beans, Guacamole]]",11.89
4319,1723,1,Veggie Burrito,"[Roasted Chili Corn Salsa, [Fajita Vegetables, Rice, Black Beans, Sour Cream, Guacamole, Lettuce]]",11.25
4321,1724,1,Chicken Burrito,"[Tomatillo Green Chili Salsa, [Rice, Black Beans, Cheese, Guacamole]]",11.25
4322,1724,1,Chicken Crispy Tacos,"[Tomatillo Red Chili Salsa, [Black Beans, Cheese, Lettuce, Guacamole]]",11.25
4323,1725,1,Chicken Bowl,"[Tomatillo Red Chili Salsa, [Rice, Black Beans, Cheese, Guacamole]]",11.25
4329,1728,1,Chicken Bowl,"[Fresh Tomato Salsa, [Guacamole, Lettuce]]",11.25
4347,1736,1,Barbacoa Burrito,"[Tomatillo Red Chili Salsa, [Rice, Black Beans, Cheese, Sour Cream, Guacamole, Lettuce]]",11.75
4354,1738,2,Steak Soft Tacos,"[Fresh Tomato Salsa, [Cheese, Lettuce]]",18.5
4355,1739,1,Barbacoa Burrito,"[Roasted Chili Corn Salsa, [Fajita Vegetables, Rice, Sour Cream, Guacamole]]",11.75
4362,1742,1,Chicken Bowl,"[Fresh Tomato Salsa, [Pinto Beans, Rice, Cheese, Lettuce, Guacamole, Sour Cream, Fajita Vegetables]]",11.25
4364,1742,1,Steak Bowl,"[Roasted Chili Corn Salsa, [Fajita Vegetables, Rice, Cheese, Sour Cream, Guacamole, Lettuce]]",11.75
4371,1745,1,Chicken Crispy Tacos,"[Fresh Tomato Salsa, [Fajita Vegetables, Rice, Cheese, Sour Cream, Guacamole, Lettuce]]",11.25
4382,1748,1,Steak Burrito,"[Fresh Tomato Salsa, [Fajita Vegetables, Rice, Black Beans, Pinto Beans, Cheese, Sour Cream, Guacamole, Lettuce]]",11.75
4386,1750,1,Carnitas Burrito,"[Roasted Chili Corn Salsa, [Rice, Pinto Beans, Guacamole, Lettuce]]",11.75
4387,1750,1,Steak Bowl,"[Fresh Tomato Salsa, [Fajita Vegetables, Rice, Pinto Beans, Cheese, Sour Cream, Guacamole, Lettuce]]",11.75
4388,1751,1,Chicken Salad Bowl,"[Fresh Tomato Salsa, [Fajita Vegetables, Rice, Cheese, Sour Cream, Guacamole]]",11.25
4396,1754,1,Chicken Bowl,"[Fresh Tomato Salsa, [Black Beans, Rice, Sour Cream, Cheese, Guacamole, Lettuce]]",11.25
4401,1756,1,Chicken Bowl,"[Fresh Tomato Salsa, [Rice, Black Beans, Pinto Beans, Cheese, Sour Cream, Guacamole]]",11.25
4423,1764,2,Chicken Bowl,"[Fresh Tomato Salsa, [Rice, Fajita Vegetables, Black Beans, Sour Cream, Cheese, Lettuce, Guacamole]]",22.5
4427,1764,2,Steak Bowl,"[Fresh Tomato Salsa, [Rice, Pinto Beans, Sour Cream, Cheese, Lettuce, Guacamole]]",23.5
4434,1766,1,Steak Burrito,"[Tomatillo Red Chili Salsa, [Fajita Vegetables, Rice, Black Beans, Sour Cream, Guacamole]]",11.75
4435,1767,2,Chicken Bowl,"[Fresh Tomato Salsa, [Rice, Pinto Beans, Cheese, Lettuce]]",17.5
4438,1768,1,Chicken Soft Tacos,"[Fresh Tomato Salsa, [Fajita Vegetables, Black Beans, Cheese, Sour Cream, Guacamole]]",11.25
4441,1770,1,Barbacoa Bowl,"[Tomatillo Green Chili Salsa, [Rice, Cheese, Guacamole, Lettuce]]",11.75
4452,1775,1,Veggie Bowl,"[Fresh Tomato Salsa, [Fajita Vegetables, Black Beans, Cheese, Guacamole, Lettuce]]",11.25
4475,1784,1,Carnitas Bowl,"[Fresh Tomato Salsa, [Rice, Cheese, Sour Cream, Guacamole, Lettuce]]",11.75
4482,1786,1,Carnitas Burrito,"[Fresh Tomato Salsa, [Fajita Vegetables, Rice, Pinto Beans, Cheese, Sour Cream, Guacamole, Lettuce]]",11.75
4483,1786,1,Chicken Bowl,"[Fresh Tomato Salsa, [Rice, Pinto Beans, Cheese, Sour Cream, Guacamole, Lettuce]]",11.25
4485,1786,1,Barbacoa Bowl,"[Fresh Tomato Salsa, [Fajita Vegetables, Rice, Black Beans, Guacamole, Lettuce]]",11.75
4487,1786,1,Carnitas Burrito,"[Fresh Tomato Salsa, [Rice, Black Beans, Guacamole, Lettuce]]",11.75
4495,1788,1,Chicken Bowl,"[Fresh Tomato Salsa, [Rice, Pinto Beans, Sour Cream, Cheese, Lettuce, Guacamole]]",11.25
4498,1789,1,Chicken Bowl,"[Tomatillo Green Chili Salsa, [Fajita Vegetables, Rice, Sour Cream, Guacamole]]",11.25
4502,1790,1,Chicken Soft Tacos,"[Fresh Tomato Salsa, [Cheese, Guacamole, Lettuce]]",11.25
4504,1791,1,Carnitas Bowl,"[Fresh Tomato Salsa, [Rice, Sour Cream, Guacamole, Lettuce]]",11.75
4510,1793,1,Barbacoa Bowl,[Guacamole],11.49
4518,1796,1,Steak Bowl,"[Tomatillo Red Chili Salsa, [Rice, Black Beans, Pinto Beans, Cheese, Sour Cream, Guacamole, Lettuce]]",11.75
4540,1805,1,Chicken Bowl,"[Tomatillo Green Chili Salsa, [Fajita Vegetables, Rice, Pinto Beans, Cheese, Guacamole, Lettuce]]",11.25
4553,1810,1,Chicken Bowl,"[Roasted Chili Corn Salsa, [Black Beans, Sour Cream, Cheese, Guacamole]]",11.25
4556,1811,1,Chicken Burrito,"[Tomatillo Green Chili Salsa, [Fajita Vegetables, Rice, Black Beans, Cheese, Sour Cream, Guacamole, Lettuce]]",11.25
4559,1812,1,Chicken Burrito,"[Tomatillo Red Chili Salsa, [Rice, Cheese, Guacamole, Lettuce]]",11.25
4561,1813,2,Chicken Salad Bowl,"[Fresh Tomato Salsa, [Fajita Vegetables, Pinto Beans, Lettuce]]",17.5
4589,1825,1,Chicken Bowl,"[Fresh Tomato Salsa, [Rice, Black Beans, Sour Cream, Cheese, Lettuce, Guacamole]]",11.25
4592,1825,1,Barbacoa Burrito,"[Tomatillo Red Chili Salsa, [Rice, Fajita Vegetables, Black Beans, Sour Cream, Cheese, Guacamole]]",11.75
4593,1825,1,Carnitas Bowl,"[Roasted Chili Corn Salsa, [Rice, Sour Cream, Cheese, Lettuce, Guacamole]]",11.75
4594,1825,1,Barbacoa Bowl,"[Roasted Chili Corn Salsa, [Pinto Beans, Sour Cream, Cheese, Lettuce, Guacamole]]",11.75
4607,1829,1,Steak Burrito,"[Tomatillo Green Chili Salsa, [Rice, Cheese, Sour Cream, Guacamole]]",11.75
4610,1830,1,Steak Burrito,"[Fresh Tomato Salsa, [Rice, Sour Cream, Cheese, Lettuce, Guacamole]]",11.75
4611,1830,1,Veggie Burrito,"[Tomatillo Green Chili Salsa, [Rice, Fajita Vegetables, Black Beans, Guacamole]]",11.25
